{
  "os":  "Linux-6.1.85+-x86_64-with-glibc2.35",
  "python":  "CPython 3.11.11",
  "startedAt":  "2025-02-12T10:07:16.599515Z",
  "program":  "Untitled8.ipynb",
  "email":  "surampradeepkumar77@gmail.com",
  "root":  "/content",
  "host":  "d19e53829f1c",
  "executable":  "/usr/bin/python3",
  "colab":  "https://colab.research.google.com/notebook#fileId=1H7EcK5kF9MEWyq69_2lssuNBriObHbQN",
  "cpu_count":  1,
  "cpu_count_logical":  2,
  "gpu":  "Tesla T4",
  "gpu_count":  1,
  "disk":  {
    "/":  {
      "total":  "120942624768",
      "used":  "31666249728"
    }
  },
  "memory":  {
    "total":  "13609431040"
  },
  "cpu":  {
    "count":  1,
    "countLogical":  2
  },
  "gpu_nvidia":  [
    {
      "name":  "Tesla T4",
      "memoryTotal":  "16106127360",
      "cudaCores":  2560,
      "architecture":  "Turing"
    }
  ],
  "cudaVersion":  "12.4"
}