{
  "_name_or_path": "bert-base-cased",
  "architectures": [
    "BertForTokenClassification"
  ],
  "attention_probs_dropout_prob": 0.1,
  "classifier_dropout": null,
  "gradient_checkpointing": false,
  "hidden_act": "gelu",
  "hidden_dropout_prob": 0.1,
  "hidden_size": 768,
  "id2label": {
    "0": "LABEL_0",
    "1": "LABEL_1",
    "2": "LABEL_2",
    "3": "LABEL_3",
    "4": "LABEL_4",
    "5": "LABEL_5",
    "6": "LABEL_6",
    "7": "LABEL_7",
    "8": "LABEL_8"
  },
  "initializer_range": 0.02,
  "intermediate_size": 3072,
  "label2id": {
    "LABEL_0": 0,
    "LABEL_1": 1,
    "LABEL_2": 2,
    "LABEL_3": 3,
    "LABEL_4": 4,
    "LABEL_5": 5,
    "LABEL_6": 6,
    "LABEL_7": 7,
    "LABEL_8": 8
  },
  "layer_norm_eps": 1e-12,
  "max_position_embeddings": 512,
  "model_type": "bert",
  "num_attention_heads": 12,
  "num_hidden_layers": 12,
  "pad_token_id": 0,
  "position_embedding_type": "absolute",
  "torch_dtype": "float32",
  "transformers_version": "4.48.2",
  "type_vocab_size": 2,
  "use_cache": true,
  "vocab_size": 28996
}
