{
  "best_metric": 0.06196138262748718,
  "best_model_checkpoint": "./bert-ner/checkpoint-3748",
  "epoch": 3.0,
  "eval_steps": 500,
  "global_step": 5622,
  "is_hyper_param_search": false,
  "is_local_process_zero": true,
  "is_world_process_zero": true,
  "log_history": [
    {
      "epoch": 0.005336179295624333,
      "grad_norm": 3.4250447750091553,
      "learning_rate": 1.9964425471362505e-05,
      "loss": 1.5984,
      "step": 10
    },
    {
      "epoch": 0.010672358591248666,
      "grad_norm": 2.9989888668060303,
      "learning_rate": 1.9928850942725012e-05,
      "loss": 1.0378,
      "step": 20
    },
    {
      "epoch": 0.016008537886873,
      "grad_norm": 2.4043846130371094,
      "learning_rate": 1.9893276414087515e-05,
      "loss": 0.744,
      "step": 30
    },
    {
      "epoch": 0.021344717182497332,
      "grad_norm": 2.277987003326416,
      "learning_rate": 1.985770188545002e-05,
      "loss": 0.638,
      "step": 40
    },
    {
      "epoch": 0.026680896478121666,
      "grad_norm": 5.144280910491943,
      "learning_rate": 1.9822127356812522e-05,
      "loss": 0.6106,
      "step": 50
    },
    {
      "epoch": 0.032017075773746,
      "grad_norm": 5.516598224639893,
      "learning_rate": 1.9786552828175026e-05,
      "loss": 0.425,
      "step": 60
    },
    {
      "epoch": 0.03735325506937033,
      "grad_norm": 2.650439739227295,
      "learning_rate": 1.9750978299537533e-05,
      "loss": 0.481,
      "step": 70
    },
    {
      "epoch": 0.042689434364994665,
      "grad_norm": 3.714570999145508,
      "learning_rate": 1.9715403770900036e-05,
      "loss": 0.4957,
      "step": 80
    },
    {
      "epoch": 0.048025613660619,
      "grad_norm": 2.792402505874634,
      "learning_rate": 1.9679829242262543e-05,
      "loss": 0.336,
      "step": 90
    },
    {
      "epoch": 0.05336179295624333,
      "grad_norm": 2.623145580291748,
      "learning_rate": 1.9644254713625046e-05,
      "loss": 0.3474,
      "step": 100
    },
    {
      "epoch": 0.05869797225186766,
      "grad_norm": 5.792925834655762,
      "learning_rate": 1.960868018498755e-05,
      "loss": 0.3053,
      "step": 110
    },
    {
      "epoch": 0.064034151547492,
      "grad_norm": 2.306504011154175,
      "learning_rate": 1.9573105656350057e-05,
      "loss": 0.2504,
      "step": 120
    },
    {
      "epoch": 0.06937033084311633,
      "grad_norm": 1.1952316761016846,
      "learning_rate": 1.953753112771256e-05,
      "loss": 0.3016,
      "step": 130
    },
    {
      "epoch": 0.07470651013874066,
      "grad_norm": 2.2929763793945312,
      "learning_rate": 1.9501956599075064e-05,
      "loss": 0.2801,
      "step": 140
    },
    {
      "epoch": 0.08004268943436499,
      "grad_norm": 0.9185255765914917,
      "learning_rate": 1.9466382070437567e-05,
      "loss": 0.2043,
      "step": 150
    },
    {
      "epoch": 0.08537886872998933,
      "grad_norm": 2.210663080215454,
      "learning_rate": 1.943080754180007e-05,
      "loss": 0.3831,
      "step": 160
    },
    {
      "epoch": 0.09071504802561366,
      "grad_norm": 1.871467113494873,
      "learning_rate": 1.9395233013162577e-05,
      "loss": 0.2567,
      "step": 170
    },
    {
      "epoch": 0.096051227321238,
      "grad_norm": 5.655511379241943,
      "learning_rate": 1.935965848452508e-05,
      "loss": 0.2547,
      "step": 180
    },
    {
      "epoch": 0.10138740661686232,
      "grad_norm": 5.412350654602051,
      "learning_rate": 1.9324083955887588e-05,
      "loss": 0.2,
      "step": 190
    },
    {
      "epoch": 0.10672358591248667,
      "grad_norm": 1.7577134370803833,
      "learning_rate": 1.928850942725009e-05,
      "loss": 0.198,
      "step": 200
    },
    {
      "epoch": 0.11205976520811099,
      "grad_norm": 4.55771541595459,
      "learning_rate": 1.9252934898612595e-05,
      "loss": 0.2518,
      "step": 210
    },
    {
      "epoch": 0.11739594450373532,
      "grad_norm": 11.14009952545166,
      "learning_rate": 1.92173603699751e-05,
      "loss": 0.2288,
      "step": 220
    },
    {
      "epoch": 0.12273212379935966,
      "grad_norm": 1.6767852306365967,
      "learning_rate": 1.9181785841337605e-05,
      "loss": 0.2063,
      "step": 230
    },
    {
      "epoch": 0.128068303094984,
      "grad_norm": 3.0970702171325684,
      "learning_rate": 1.914621131270011e-05,
      "loss": 0.2001,
      "step": 240
    },
    {
      "epoch": 0.13340448239060831,
      "grad_norm": 3.684917449951172,
      "learning_rate": 1.9110636784062612e-05,
      "loss": 0.1737,
      "step": 250
    },
    {
      "epoch": 0.13874066168623267,
      "grad_norm": 2.844489097595215,
      "learning_rate": 1.9075062255425115e-05,
      "loss": 0.1675,
      "step": 260
    },
    {
      "epoch": 0.144076840981857,
      "grad_norm": 1.8281794786453247,
      "learning_rate": 1.9039487726787622e-05,
      "loss": 0.1477,
      "step": 270
    },
    {
      "epoch": 0.14941302027748132,
      "grad_norm": 2.6612298488616943,
      "learning_rate": 1.9003913198150126e-05,
      "loss": 0.1261,
      "step": 280
    },
    {
      "epoch": 0.15474919957310565,
      "grad_norm": 2.909775495529175,
      "learning_rate": 1.8968338669512633e-05,
      "loss": 0.1091,
      "step": 290
    },
    {
      "epoch": 0.16008537886872998,
      "grad_norm": 0.8808785080909729,
      "learning_rate": 1.8932764140875136e-05,
      "loss": 0.2066,
      "step": 300
    },
    {
      "epoch": 0.16542155816435433,
      "grad_norm": 10.955013275146484,
      "learning_rate": 1.889718961223764e-05,
      "loss": 0.1824,
      "step": 310
    },
    {
      "epoch": 0.17075773745997866,
      "grad_norm": 11.270167350769043,
      "learning_rate": 1.8861615083600143e-05,
      "loss": 0.1752,
      "step": 320
    },
    {
      "epoch": 0.17609391675560299,
      "grad_norm": 1.5971553325653076,
      "learning_rate": 1.8826040554962646e-05,
      "loss": 0.1324,
      "step": 330
    },
    {
      "epoch": 0.1814300960512273,
      "grad_norm": 4.459198951721191,
      "learning_rate": 1.8790466026325153e-05,
      "loss": 0.1246,
      "step": 340
    },
    {
      "epoch": 0.18676627534685167,
      "grad_norm": 0.7349714040756226,
      "learning_rate": 1.8754891497687657e-05,
      "loss": 0.1638,
      "step": 350
    },
    {
      "epoch": 0.192102454642476,
      "grad_norm": 1.930646538734436,
      "learning_rate": 1.871931696905016e-05,
      "loss": 0.0498,
      "step": 360
    },
    {
      "epoch": 0.19743863393810032,
      "grad_norm": 6.329535961151123,
      "learning_rate": 1.8683742440412667e-05,
      "loss": 0.2259,
      "step": 370
    },
    {
      "epoch": 0.20277481323372465,
      "grad_norm": 3.688481330871582,
      "learning_rate": 1.864816791177517e-05,
      "loss": 0.1399,
      "step": 380
    },
    {
      "epoch": 0.20811099252934898,
      "grad_norm": 6.8695759773254395,
      "learning_rate": 1.8612593383137677e-05,
      "loss": 0.2232,
      "step": 390
    },
    {
      "epoch": 0.21344717182497333,
      "grad_norm": 7.512015342712402,
      "learning_rate": 1.857701885450018e-05,
      "loss": 0.0904,
      "step": 400
    },
    {
      "epoch": 0.21878335112059766,
      "grad_norm": 3.089653730392456,
      "learning_rate": 1.8541444325862684e-05,
      "loss": 0.1377,
      "step": 410
    },
    {
      "epoch": 0.22411953041622198,
      "grad_norm": 3.0452945232391357,
      "learning_rate": 1.8505869797225188e-05,
      "loss": 0.1456,
      "step": 420
    },
    {
      "epoch": 0.2294557097118463,
      "grad_norm": 5.546806335449219,
      "learning_rate": 1.847029526858769e-05,
      "loss": 0.111,
      "step": 430
    },
    {
      "epoch": 0.23479188900747064,
      "grad_norm": 5.322763442993164,
      "learning_rate": 1.8434720739950198e-05,
      "loss": 0.1138,
      "step": 440
    },
    {
      "epoch": 0.240128068303095,
      "grad_norm": 3.1296355724334717,
      "learning_rate": 1.83991462113127e-05,
      "loss": 0.1554,
      "step": 450
    },
    {
      "epoch": 0.24546424759871932,
      "grad_norm": 5.148151874542236,
      "learning_rate": 1.8363571682675205e-05,
      "loss": 0.1935,
      "step": 460
    },
    {
      "epoch": 0.2508004268943437,
      "grad_norm": 3.421783208847046,
      "learning_rate": 1.8327997154037712e-05,
      "loss": 0.2192,
      "step": 470
    },
    {
      "epoch": 0.256136606189968,
      "grad_norm": 4.787280082702637,
      "learning_rate": 1.8292422625400215e-05,
      "loss": 0.1715,
      "step": 480
    },
    {
      "epoch": 0.26147278548559233,
      "grad_norm": 4.680576801300049,
      "learning_rate": 1.8256848096762722e-05,
      "loss": 0.1448,
      "step": 490
    },
    {
      "epoch": 0.26680896478121663,
      "grad_norm": 2.1510636806488037,
      "learning_rate": 1.8221273568125226e-05,
      "loss": 0.1145,
      "step": 500
    },
    {
      "epoch": 0.272145144076841,
      "grad_norm": 1.1592774391174316,
      "learning_rate": 1.818569903948773e-05,
      "loss": 0.1054,
      "step": 510
    },
    {
      "epoch": 0.27748132337246534,
      "grad_norm": 2.831756353378296,
      "learning_rate": 1.8150124510850232e-05,
      "loss": 0.1252,
      "step": 520
    },
    {
      "epoch": 0.28281750266808964,
      "grad_norm": 3.3702752590179443,
      "learning_rate": 1.8114549982212736e-05,
      "loss": 0.107,
      "step": 530
    },
    {
      "epoch": 0.288153681963714,
      "grad_norm": 3.5658981800079346,
      "learning_rate": 1.8078975453575243e-05,
      "loss": 0.1876,
      "step": 540
    },
    {
      "epoch": 0.2934898612593383,
      "grad_norm": 7.057459354400635,
      "learning_rate": 1.8043400924937746e-05,
      "loss": 0.1616,
      "step": 550
    },
    {
      "epoch": 0.29882604055496265,
      "grad_norm": 4.147431373596191,
      "learning_rate": 1.800782639630025e-05,
      "loss": 0.1055,
      "step": 560
    },
    {
      "epoch": 0.304162219850587,
      "grad_norm": 0.23631475865840912,
      "learning_rate": 1.7972251867662757e-05,
      "loss": 0.0995,
      "step": 570
    },
    {
      "epoch": 0.3094983991462113,
      "grad_norm": 12.617778778076172,
      "learning_rate": 1.793667733902526e-05,
      "loss": 0.0865,
      "step": 580
    },
    {
      "epoch": 0.31483457844183566,
      "grad_norm": 1.4094637632369995,
      "learning_rate": 1.7901102810387763e-05,
      "loss": 0.1364,
      "step": 590
    },
    {
      "epoch": 0.32017075773745995,
      "grad_norm": 11.106278419494629,
      "learning_rate": 1.7865528281750267e-05,
      "loss": 0.1084,
      "step": 600
    },
    {
      "epoch": 0.3255069370330843,
      "grad_norm": 0.6345829367637634,
      "learning_rate": 1.782995375311277e-05,
      "loss": 0.0869,
      "step": 610
    },
    {
      "epoch": 0.33084311632870866,
      "grad_norm": 0.15825648605823517,
      "learning_rate": 1.7794379224475277e-05,
      "loss": 0.1078,
      "step": 620
    },
    {
      "epoch": 0.33617929562433296,
      "grad_norm": 7.233875751495361,
      "learning_rate": 1.775880469583778e-05,
      "loss": 0.1633,
      "step": 630
    },
    {
      "epoch": 0.3415154749199573,
      "grad_norm": 13.239048957824707,
      "learning_rate": 1.7723230167200288e-05,
      "loss": 0.1289,
      "step": 640
    },
    {
      "epoch": 0.3468516542155816,
      "grad_norm": 7.681551933288574,
      "learning_rate": 1.768765563856279e-05,
      "loss": 0.0638,
      "step": 650
    },
    {
      "epoch": 0.35218783351120597,
      "grad_norm": 2.829524040222168,
      "learning_rate": 1.7652081109925294e-05,
      "loss": 0.0586,
      "step": 660
    },
    {
      "epoch": 0.3575240128068303,
      "grad_norm": 7.826305866241455,
      "learning_rate": 1.76165065812878e-05,
      "loss": 0.0704,
      "step": 670
    },
    {
      "epoch": 0.3628601921024546,
      "grad_norm": 5.962273120880127,
      "learning_rate": 1.7580932052650305e-05,
      "loss": 0.1692,
      "step": 680
    },
    {
      "epoch": 0.368196371398079,
      "grad_norm": 1.2914003133773804,
      "learning_rate": 1.7545357524012808e-05,
      "loss": 0.1412,
      "step": 690
    },
    {
      "epoch": 0.37353255069370334,
      "grad_norm": 4.419495582580566,
      "learning_rate": 1.7509782995375312e-05,
      "loss": 0.0647,
      "step": 700
    },
    {
      "epoch": 0.37886872998932764,
      "grad_norm": 0.0663389265537262,
      "learning_rate": 1.7474208466737815e-05,
      "loss": 0.1097,
      "step": 710
    },
    {
      "epoch": 0.384204909284952,
      "grad_norm": 0.23030264675617218,
      "learning_rate": 1.7438633938100322e-05,
      "loss": 0.0844,
      "step": 720
    },
    {
      "epoch": 0.3895410885805763,
      "grad_norm": 6.551204681396484,
      "learning_rate": 1.7403059409462825e-05,
      "loss": 0.084,
      "step": 730
    },
    {
      "epoch": 0.39487726787620064,
      "grad_norm": 11.355541229248047,
      "learning_rate": 1.7367484880825332e-05,
      "loss": 0.1299,
      "step": 740
    },
    {
      "epoch": 0.400213447171825,
      "grad_norm": 2.880415678024292,
      "learning_rate": 1.7331910352187836e-05,
      "loss": 0.0827,
      "step": 750
    },
    {
      "epoch": 0.4055496264674493,
      "grad_norm": 4.923587799072266,
      "learning_rate": 1.729633582355034e-05,
      "loss": 0.0953,
      "step": 760
    },
    {
      "epoch": 0.41088580576307365,
      "grad_norm": 1.7983442544937134,
      "learning_rate": 1.7260761294912846e-05,
      "loss": 0.1743,
      "step": 770
    },
    {
      "epoch": 0.41622198505869795,
      "grad_norm": 0.6050446629524231,
      "learning_rate": 1.722518676627535e-05,
      "loss": 0.1226,
      "step": 780
    },
    {
      "epoch": 0.4215581643543223,
      "grad_norm": 0.37629756331443787,
      "learning_rate": 1.7189612237637853e-05,
      "loss": 0.1021,
      "step": 790
    },
    {
      "epoch": 0.42689434364994666,
      "grad_norm": 14.00165843963623,
      "learning_rate": 1.7154037709000356e-05,
      "loss": 0.0818,
      "step": 800
    },
    {
      "epoch": 0.43223052294557096,
      "grad_norm": 5.815115451812744,
      "learning_rate": 1.711846318036286e-05,
      "loss": 0.0788,
      "step": 810
    },
    {
      "epoch": 0.4375667022411953,
      "grad_norm": 2.7141997814178467,
      "learning_rate": 1.7082888651725367e-05,
      "loss": 0.0767,
      "step": 820
    },
    {
      "epoch": 0.4429028815368196,
      "grad_norm": 2.6077280044555664,
      "learning_rate": 1.704731412308787e-05,
      "loss": 0.1622,
      "step": 830
    },
    {
      "epoch": 0.44823906083244397,
      "grad_norm": 2.6255784034729004,
      "learning_rate": 1.7011739594450374e-05,
      "loss": 0.1006,
      "step": 840
    },
    {
      "epoch": 0.4535752401280683,
      "grad_norm": 0.3842070996761322,
      "learning_rate": 1.697616506581288e-05,
      "loss": 0.0589,
      "step": 850
    },
    {
      "epoch": 0.4589114194236926,
      "grad_norm": 1.505946397781372,
      "learning_rate": 1.6940590537175384e-05,
      "loss": 0.1065,
      "step": 860
    },
    {
      "epoch": 0.464247598719317,
      "grad_norm": 0.03720308095216751,
      "learning_rate": 1.6905016008537887e-05,
      "loss": 0.1066,
      "step": 870
    },
    {
      "epoch": 0.4695837780149413,
      "grad_norm": 0.16846279799938202,
      "learning_rate": 1.686944147990039e-05,
      "loss": 0.0565,
      "step": 880
    },
    {
      "epoch": 0.47491995731056563,
      "grad_norm": 1.3378149271011353,
      "learning_rate": 1.6833866951262894e-05,
      "loss": 0.0735,
      "step": 890
    },
    {
      "epoch": 0.48025613660619,
      "grad_norm": 4.234726428985596,
      "learning_rate": 1.67982924226254e-05,
      "loss": 0.0626,
      "step": 900
    },
    {
      "epoch": 0.4855923159018143,
      "grad_norm": 0.5012941360473633,
      "learning_rate": 1.6762717893987905e-05,
      "loss": 0.0835,
      "step": 910
    },
    {
      "epoch": 0.49092849519743864,
      "grad_norm": 0.10539372265338898,
      "learning_rate": 1.672714336535041e-05,
      "loss": 0.078,
      "step": 920
    },
    {
      "epoch": 0.49626467449306294,
      "grad_norm": 1.873725414276123,
      "learning_rate": 1.6691568836712915e-05,
      "loss": 0.0935,
      "step": 930
    },
    {
      "epoch": 0.5016008537886874,
      "grad_norm": 1.5272892713546753,
      "learning_rate": 1.665599430807542e-05,
      "loss": 0.084,
      "step": 940
    },
    {
      "epoch": 0.5069370330843116,
      "grad_norm": 0.7131451368331909,
      "learning_rate": 1.6620419779437925e-05,
      "loss": 0.1373,
      "step": 950
    },
    {
      "epoch": 0.512273212379936,
      "grad_norm": 0.5531562566757202,
      "learning_rate": 1.658484525080043e-05,
      "loss": 0.0552,
      "step": 960
    },
    {
      "epoch": 0.5176093916755603,
      "grad_norm": 0.4070482850074768,
      "learning_rate": 1.6549270722162932e-05,
      "loss": 0.094,
      "step": 970
    },
    {
      "epoch": 0.5229455709711847,
      "grad_norm": 4.437762260437012,
      "learning_rate": 1.6513696193525436e-05,
      "loss": 0.1343,
      "step": 980
    },
    {
      "epoch": 0.528281750266809,
      "grad_norm": 5.7057294845581055,
      "learning_rate": 1.647812166488794e-05,
      "loss": 0.0377,
      "step": 990
    },
    {
      "epoch": 0.5336179295624333,
      "grad_norm": 2.8969640731811523,
      "learning_rate": 1.6442547136250446e-05,
      "loss": 0.0572,
      "step": 1000
    },
    {
      "epoch": 0.5389541088580576,
      "grad_norm": 6.259599685668945,
      "learning_rate": 1.640697260761295e-05,
      "loss": 0.1109,
      "step": 1010
    },
    {
      "epoch": 0.544290288153682,
      "grad_norm": 7.686031818389893,
      "learning_rate": 1.6371398078975456e-05,
      "loss": 0.1156,
      "step": 1020
    },
    {
      "epoch": 0.5496264674493063,
      "grad_norm": 14.244159698486328,
      "learning_rate": 1.633582355033796e-05,
      "loss": 0.134,
      "step": 1030
    },
    {
      "epoch": 0.5549626467449307,
      "grad_norm": 11.598860740661621,
      "learning_rate": 1.6300249021700463e-05,
      "loss": 0.0592,
      "step": 1040
    },
    {
      "epoch": 0.5602988260405549,
      "grad_norm": 5.563117027282715,
      "learning_rate": 1.626467449306297e-05,
      "loss": 0.1908,
      "step": 1050
    },
    {
      "epoch": 0.5656350053361793,
      "grad_norm": 1.2687056064605713,
      "learning_rate": 1.6229099964425474e-05,
      "loss": 0.1079,
      "step": 1060
    },
    {
      "epoch": 0.5709711846318036,
      "grad_norm": 0.5061586499214172,
      "learning_rate": 1.6193525435787977e-05,
      "loss": 0.0529,
      "step": 1070
    },
    {
      "epoch": 0.576307363927428,
      "grad_norm": 0.0955134779214859,
      "learning_rate": 1.615795090715048e-05,
      "loss": 0.1199,
      "step": 1080
    },
    {
      "epoch": 0.5816435432230523,
      "grad_norm": 5.945767879486084,
      "learning_rate": 1.6122376378512984e-05,
      "loss": 0.0717,
      "step": 1090
    },
    {
      "epoch": 0.5869797225186766,
      "grad_norm": 3.3463728427886963,
      "learning_rate": 1.608680184987549e-05,
      "loss": 0.0568,
      "step": 1100
    },
    {
      "epoch": 0.5923159018143009,
      "grad_norm": 2.5017776489257812,
      "learning_rate": 1.6051227321237994e-05,
      "loss": 0.0593,
      "step": 1110
    },
    {
      "epoch": 0.5976520811099253,
      "grad_norm": 0.9996076822280884,
      "learning_rate": 1.60156527926005e-05,
      "loss": 0.0848,
      "step": 1120
    },
    {
      "epoch": 0.6029882604055496,
      "grad_norm": 6.473633289337158,
      "learning_rate": 1.5980078263963005e-05,
      "loss": 0.1457,
      "step": 1130
    },
    {
      "epoch": 0.608324439701174,
      "grad_norm": 0.2274848073720932,
      "learning_rate": 1.5944503735325508e-05,
      "loss": 0.045,
      "step": 1140
    },
    {
      "epoch": 0.6136606189967982,
      "grad_norm": 0.04647068679332733,
      "learning_rate": 1.590892920668801e-05,
      "loss": 0.0877,
      "step": 1150
    },
    {
      "epoch": 0.6189967982924226,
      "grad_norm": 1.9779201745986938,
      "learning_rate": 1.5873354678050515e-05,
      "loss": 0.0772,
      "step": 1160
    },
    {
      "epoch": 0.624332977588047,
      "grad_norm": 0.4908215403556824,
      "learning_rate": 1.5837780149413022e-05,
      "loss": 0.0501,
      "step": 1170
    },
    {
      "epoch": 0.6296691568836713,
      "grad_norm": 0.3968197703361511,
      "learning_rate": 1.5802205620775525e-05,
      "loss": 0.1173,
      "step": 1180
    },
    {
      "epoch": 0.6350053361792957,
      "grad_norm": 3.2633745670318604,
      "learning_rate": 1.576663109213803e-05,
      "loss": 0.259,
      "step": 1190
    },
    {
      "epoch": 0.6403415154749199,
      "grad_norm": 4.97926664352417,
      "learning_rate": 1.5731056563500536e-05,
      "loss": 0.1259,
      "step": 1200
    },
    {
      "epoch": 0.6456776947705443,
      "grad_norm": 3.7736704349517822,
      "learning_rate": 1.569548203486304e-05,
      "loss": 0.0727,
      "step": 1210
    },
    {
      "epoch": 0.6510138740661686,
      "grad_norm": 0.10016146302223206,
      "learning_rate": 1.5659907506225546e-05,
      "loss": 0.1405,
      "step": 1220
    },
    {
      "epoch": 0.656350053361793,
      "grad_norm": 2.1666297912597656,
      "learning_rate": 1.562433297758805e-05,
      "loss": 0.0888,
      "step": 1230
    },
    {
      "epoch": 0.6616862326574173,
      "grad_norm": 3.586162567138672,
      "learning_rate": 1.5588758448950553e-05,
      "loss": 0.0719,
      "step": 1240
    },
    {
      "epoch": 0.6670224119530416,
      "grad_norm": 2.6161372661590576,
      "learning_rate": 1.5553183920313056e-05,
      "loss": 0.0719,
      "step": 1250
    },
    {
      "epoch": 0.6723585912486659,
      "grad_norm": 0.29298466444015503,
      "learning_rate": 1.551760939167556e-05,
      "loss": 0.0859,
      "step": 1260
    },
    {
      "epoch": 0.6776947705442903,
      "grad_norm": 3.0329840183258057,
      "learning_rate": 1.5482034863038067e-05,
      "loss": 0.0519,
      "step": 1270
    },
    {
      "epoch": 0.6830309498399146,
      "grad_norm": 8.731302261352539,
      "learning_rate": 1.544646033440057e-05,
      "loss": 0.1075,
      "step": 1280
    },
    {
      "epoch": 0.688367129135539,
      "grad_norm": 1.253600835800171,
      "learning_rate": 1.5410885805763074e-05,
      "loss": 0.0425,
      "step": 1290
    },
    {
      "epoch": 0.6937033084311632,
      "grad_norm": 5.685060024261475,
      "learning_rate": 1.537531127712558e-05,
      "loss": 0.138,
      "step": 1300
    },
    {
      "epoch": 0.6990394877267876,
      "grad_norm": 2.491853713989258,
      "learning_rate": 1.5339736748488084e-05,
      "loss": 0.1092,
      "step": 1310
    },
    {
      "epoch": 0.7043756670224119,
      "grad_norm": 8.07844066619873,
      "learning_rate": 1.530416221985059e-05,
      "loss": 0.0808,
      "step": 1320
    },
    {
      "epoch": 0.7097118463180363,
      "grad_norm": 2.0060577392578125,
      "learning_rate": 1.5268587691213094e-05,
      "loss": 0.0572,
      "step": 1330
    },
    {
      "epoch": 0.7150480256136607,
      "grad_norm": 1.5616377592086792,
      "learning_rate": 1.5233013162575596e-05,
      "loss": 0.0123,
      "step": 1340
    },
    {
      "epoch": 0.7203842049092849,
      "grad_norm": 2.632866144180298,
      "learning_rate": 1.5197438633938101e-05,
      "loss": 0.0966,
      "step": 1350
    },
    {
      "epoch": 0.7257203842049093,
      "grad_norm": 4.219701290130615,
      "learning_rate": 1.5161864105300606e-05,
      "loss": 0.146,
      "step": 1360
    },
    {
      "epoch": 0.7310565635005336,
      "grad_norm": 0.7770905494689941,
      "learning_rate": 1.5126289576663111e-05,
      "loss": 0.0243,
      "step": 1370
    },
    {
      "epoch": 0.736392742796158,
      "grad_norm": 4.157221794128418,
      "learning_rate": 1.5090715048025615e-05,
      "loss": 0.1149,
      "step": 1380
    },
    {
      "epoch": 0.7417289220917823,
      "grad_norm": 0.042810264974832535,
      "learning_rate": 1.5055140519388118e-05,
      "loss": 0.0722,
      "step": 1390
    },
    {
      "epoch": 0.7470651013874067,
      "grad_norm": 6.35631799697876,
      "learning_rate": 1.5019565990750623e-05,
      "loss": 0.1191,
      "step": 1400
    },
    {
      "epoch": 0.7524012806830309,
      "grad_norm": 6.16251802444458,
      "learning_rate": 1.4983991462113127e-05,
      "loss": 0.1532,
      "step": 1410
    },
    {
      "epoch": 0.7577374599786553,
      "grad_norm": 7.936161041259766,
      "learning_rate": 1.4948416933475634e-05,
      "loss": 0.0609,
      "step": 1420
    },
    {
      "epoch": 0.7630736392742796,
      "grad_norm": 5.680526256561279,
      "learning_rate": 1.4912842404838137e-05,
      "loss": 0.0275,
      "step": 1430
    },
    {
      "epoch": 0.768409818569904,
      "grad_norm": 8.280889511108398,
      "learning_rate": 1.487726787620064e-05,
      "loss": 0.1234,
      "step": 1440
    },
    {
      "epoch": 0.7737459978655283,
      "grad_norm": 2.5847456455230713,
      "learning_rate": 1.4841693347563146e-05,
      "loss": 0.093,
      "step": 1450
    },
    {
      "epoch": 0.7790821771611526,
      "grad_norm": 4.914255619049072,
      "learning_rate": 1.480611881892565e-05,
      "loss": 0.1101,
      "step": 1460
    },
    {
      "epoch": 0.7844183564567769,
      "grad_norm": 0.2304634004831314,
      "learning_rate": 1.4770544290288156e-05,
      "loss": 0.0657,
      "step": 1470
    },
    {
      "epoch": 0.7897545357524013,
      "grad_norm": 4.643243312835693,
      "learning_rate": 1.473496976165066e-05,
      "loss": 0.0661,
      "step": 1480
    },
    {
      "epoch": 0.7950907150480256,
      "grad_norm": 0.40421411395072937,
      "learning_rate": 1.4699395233013163e-05,
      "loss": 0.0395,
      "step": 1490
    },
    {
      "epoch": 0.80042689434365,
      "grad_norm": 0.717133104801178,
      "learning_rate": 1.4663820704375668e-05,
      "loss": 0.035,
      "step": 1500
    },
    {
      "epoch": 0.8057630736392742,
      "grad_norm": 7.365785598754883,
      "learning_rate": 1.4628246175738172e-05,
      "loss": 0.0482,
      "step": 1510
    },
    {
      "epoch": 0.8110992529348986,
      "grad_norm": 0.09690599143505096,
      "learning_rate": 1.4592671647100679e-05,
      "loss": 0.0361,
      "step": 1520
    },
    {
      "epoch": 0.816435432230523,
      "grad_norm": 0.0360356941819191,
      "learning_rate": 1.4557097118463182e-05,
      "loss": 0.056,
      "step": 1530
    },
    {
      "epoch": 0.8217716115261473,
      "grad_norm": 0.7690732479095459,
      "learning_rate": 1.4521522589825685e-05,
      "loss": 0.0668,
      "step": 1540
    },
    {
      "epoch": 0.8271077908217717,
      "grad_norm": 4.122274875640869,
      "learning_rate": 1.448594806118819e-05,
      "loss": 0.0615,
      "step": 1550
    },
    {
      "epoch": 0.8324439701173959,
      "grad_norm": 1.4163007736206055,
      "learning_rate": 1.4450373532550694e-05,
      "loss": 0.0601,
      "step": 1560
    },
    {
      "epoch": 0.8377801494130203,
      "grad_norm": 9.441426277160645,
      "learning_rate": 1.4414799003913201e-05,
      "loss": 0.1066,
      "step": 1570
    },
    {
      "epoch": 0.8431163287086446,
      "grad_norm": 3.792613983154297,
      "learning_rate": 1.4379224475275704e-05,
      "loss": 0.1394,
      "step": 1580
    },
    {
      "epoch": 0.848452508004269,
      "grad_norm": 5.602519512176514,
      "learning_rate": 1.4343649946638208e-05,
      "loss": 0.0747,
      "step": 1590
    },
    {
      "epoch": 0.8537886872998933,
      "grad_norm": 4.35385274887085,
      "learning_rate": 1.4308075418000713e-05,
      "loss": 0.1051,
      "step": 1600
    },
    {
      "epoch": 0.8591248665955176,
      "grad_norm": 17.265853881835938,
      "learning_rate": 1.4272500889363216e-05,
      "loss": 0.1202,
      "step": 1610
    },
    {
      "epoch": 0.8644610458911419,
      "grad_norm": 3.139552354812622,
      "learning_rate": 1.4236926360725722e-05,
      "loss": 0.0749,
      "step": 1620
    },
    {
      "epoch": 0.8697972251867663,
      "grad_norm": 21.975011825561523,
      "learning_rate": 1.4201351832088227e-05,
      "loss": 0.143,
      "step": 1630
    },
    {
      "epoch": 0.8751334044823906,
      "grad_norm": 1.1060421466827393,
      "learning_rate": 1.416577730345073e-05,
      "loss": 0.1552,
      "step": 1640
    },
    {
      "epoch": 0.880469583778015,
      "grad_norm": 6.701221466064453,
      "learning_rate": 1.4130202774813235e-05,
      "loss": 0.0945,
      "step": 1650
    },
    {
      "epoch": 0.8858057630736392,
      "grad_norm": 2.3586039543151855,
      "learning_rate": 1.4094628246175739e-05,
      "loss": 0.1763,
      "step": 1660
    },
    {
      "epoch": 0.8911419423692636,
      "grad_norm": 0.500882625579834,
      "learning_rate": 1.4059053717538244e-05,
      "loss": 0.0381,
      "step": 1670
    },
    {
      "epoch": 0.8964781216648879,
      "grad_norm": 4.034705638885498,
      "learning_rate": 1.4023479188900748e-05,
      "loss": 0.0736,
      "step": 1680
    },
    {
      "epoch": 0.9018143009605123,
      "grad_norm": 2.3963418006896973,
      "learning_rate": 1.3987904660263251e-05,
      "loss": 0.1105,
      "step": 1690
    },
    {
      "epoch": 0.9071504802561366,
      "grad_norm": 17.159404754638672,
      "learning_rate": 1.3952330131625758e-05,
      "loss": 0.0862,
      "step": 1700
    },
    {
      "epoch": 0.9124866595517609,
      "grad_norm": 2.0895724296569824,
      "learning_rate": 1.3916755602988261e-05,
      "loss": 0.0611,
      "step": 1710
    },
    {
      "epoch": 0.9178228388473852,
      "grad_norm": 4.797431468963623,
      "learning_rate": 1.3881181074350766e-05,
      "loss": 0.0433,
      "step": 1720
    },
    {
      "epoch": 0.9231590181430096,
      "grad_norm": 0.657139241695404,
      "learning_rate": 1.384560654571327e-05,
      "loss": 0.1044,
      "step": 1730
    },
    {
      "epoch": 0.928495197438634,
      "grad_norm": 3.442492723464966,
      "learning_rate": 1.3810032017075773e-05,
      "loss": 0.0825,
      "step": 1740
    },
    {
      "epoch": 0.9338313767342583,
      "grad_norm": 0.27367496490478516,
      "learning_rate": 1.377445748843828e-05,
      "loss": 0.0679,
      "step": 1750
    },
    {
      "epoch": 0.9391675560298826,
      "grad_norm": 2.093770980834961,
      "learning_rate": 1.3738882959800784e-05,
      "loss": 0.1729,
      "step": 1760
    },
    {
      "epoch": 0.9445037353255069,
      "grad_norm": 0.1497860997915268,
      "learning_rate": 1.3703308431163289e-05,
      "loss": 0.0756,
      "step": 1770
    },
    {
      "epoch": 0.9498399146211313,
      "grad_norm": 1.0592608451843262,
      "learning_rate": 1.3667733902525792e-05,
      "loss": 0.1264,
      "step": 1780
    },
    {
      "epoch": 0.9551760939167556,
      "grad_norm": 5.929699420928955,
      "learning_rate": 1.3632159373888296e-05,
      "loss": 0.0689,
      "step": 1790
    },
    {
      "epoch": 0.96051227321238,
      "grad_norm": 2.8808557987213135,
      "learning_rate": 1.3596584845250803e-05,
      "loss": 0.082,
      "step": 1800
    },
    {
      "epoch": 0.9658484525080042,
      "grad_norm": 0.1326362043619156,
      "learning_rate": 1.3561010316613306e-05,
      "loss": 0.0425,
      "step": 1810
    },
    {
      "epoch": 0.9711846318036286,
      "grad_norm": 23.598575592041016,
      "learning_rate": 1.3525435787975811e-05,
      "loss": 0.0941,
      "step": 1820
    },
    {
      "epoch": 0.9765208110992529,
      "grad_norm": 5.81290340423584,
      "learning_rate": 1.3489861259338315e-05,
      "loss": 0.0578,
      "step": 1830
    },
    {
      "epoch": 0.9818569903948773,
      "grad_norm": 2.6384804248809814,
      "learning_rate": 1.3454286730700818e-05,
      "loss": 0.0688,
      "step": 1840
    },
    {
      "epoch": 0.9871931696905016,
      "grad_norm": 0.28905272483825684,
      "learning_rate": 1.3418712202063325e-05,
      "loss": 0.0343,
      "step": 1850
    },
    {
      "epoch": 0.9925293489861259,
      "grad_norm": 9.020965576171875,
      "learning_rate": 1.3383137673425828e-05,
      "loss": 0.0731,
      "step": 1860
    },
    {
      "epoch": 0.9978655282817502,
      "grad_norm": 10.417670249938965,
      "learning_rate": 1.3347563144788334e-05,
      "loss": 0.0851,
      "step": 1870
    },
    {
      "epoch": 1.0,
      "eval_accuracy": 0.9833727162699556,
      "eval_loss": 0.06486905366182327,
      "eval_runtime": 25.2123,
      "eval_samples_per_second": 137.473,
      "eval_steps_per_second": 17.214,
      "step": 1874
    },
    {
      "epoch": 1.0032017075773747,
      "grad_norm": 1.5724756717681885,
      "learning_rate": 1.3311988616150837e-05,
      "loss": 0.0336,
      "step": 1880
    },
    {
      "epoch": 1.0085378868729988,
      "grad_norm": 1.2666611671447754,
      "learning_rate": 1.327641408751334e-05,
      "loss": 0.0294,
      "step": 1890
    },
    {
      "epoch": 1.0138740661686232,
      "grad_norm": 0.13046810030937195,
      "learning_rate": 1.3240839558875846e-05,
      "loss": 0.0768,
      "step": 1900
    },
    {
      "epoch": 1.0192102454642475,
      "grad_norm": 2.1958067417144775,
      "learning_rate": 1.320526503023835e-05,
      "loss": 0.0491,
      "step": 1910
    },
    {
      "epoch": 1.024546424759872,
      "grad_norm": 7.030361175537109,
      "learning_rate": 1.3169690501600856e-05,
      "loss": 0.0097,
      "step": 1920
    },
    {
      "epoch": 1.0298826040554963,
      "grad_norm": 1.0741240978240967,
      "learning_rate": 1.313411597296336e-05,
      "loss": 0.0229,
      "step": 1930
    },
    {
      "epoch": 1.0352187833511206,
      "grad_norm": 0.811048150062561,
      "learning_rate": 1.3098541444325863e-05,
      "loss": 0.0224,
      "step": 1940
    },
    {
      "epoch": 1.040554962646745,
      "grad_norm": 0.05657839775085449,
      "learning_rate": 1.3062966915688368e-05,
      "loss": 0.013,
      "step": 1950
    },
    {
      "epoch": 1.0458911419423693,
      "grad_norm": 8.644963264465332,
      "learning_rate": 1.3027392387050872e-05,
      "loss": 0.0183,
      "step": 1960
    },
    {
      "epoch": 1.0512273212379937,
      "grad_norm": 6.0244951248168945,
      "learning_rate": 1.2991817858413378e-05,
      "loss": 0.0555,
      "step": 1970
    },
    {
      "epoch": 1.056563500533618,
      "grad_norm": 0.024864742532372475,
      "learning_rate": 1.2956243329775882e-05,
      "loss": 0.0608,
      "step": 1980
    },
    {
      "epoch": 1.0618996798292422,
      "grad_norm": 0.010114863514900208,
      "learning_rate": 1.2920668801138385e-05,
      "loss": 0.0515,
      "step": 1990
    },
    {
      "epoch": 1.0672358591248665,
      "grad_norm": 1.811758279800415,
      "learning_rate": 1.288509427250089e-05,
      "loss": 0.0697,
      "step": 2000
    },
    {
      "epoch": 1.0725720384204909,
      "grad_norm": 0.09324999898672104,
      "learning_rate": 1.2849519743863394e-05,
      "loss": 0.0489,
      "step": 2010
    },
    {
      "epoch": 1.0779082177161152,
      "grad_norm": 0.2024482935667038,
      "learning_rate": 1.28139452152259e-05,
      "loss": 0.0157,
      "step": 2020
    },
    {
      "epoch": 1.0832443970117396,
      "grad_norm": 0.7595563530921936,
      "learning_rate": 1.2778370686588404e-05,
      "loss": 0.0534,
      "step": 2030
    },
    {
      "epoch": 1.088580576307364,
      "grad_norm": 3.545607566833496,
      "learning_rate": 1.2742796157950908e-05,
      "loss": 0.1219,
      "step": 2040
    },
    {
      "epoch": 1.0939167556029883,
      "grad_norm": 0.6663129329681396,
      "learning_rate": 1.2707221629313413e-05,
      "loss": 0.0416,
      "step": 2050
    },
    {
      "epoch": 1.0992529348986126,
      "grad_norm": 0.11129060387611389,
      "learning_rate": 1.2671647100675916e-05,
      "loss": 0.0543,
      "step": 2060
    },
    {
      "epoch": 1.104589114194237,
      "grad_norm": 2.604057788848877,
      "learning_rate": 1.2636072572038423e-05,
      "loss": 0.0313,
      "step": 2070
    },
    {
      "epoch": 1.1099252934898614,
      "grad_norm": 6.9789252281188965,
      "learning_rate": 1.2600498043400927e-05,
      "loss": 0.1351,
      "step": 2080
    },
    {
      "epoch": 1.1152614727854857,
      "grad_norm": 0.022246956825256348,
      "learning_rate": 1.256492351476343e-05,
      "loss": 0.0074,
      "step": 2090
    },
    {
      "epoch": 1.1205976520811098,
      "grad_norm": 2.0321760177612305,
      "learning_rate": 1.2529348986125935e-05,
      "loss": 0.0949,
      "step": 2100
    },
    {
      "epoch": 1.1259338313767342,
      "grad_norm": 1.308297038078308,
      "learning_rate": 1.2493774457488439e-05,
      "loss": 0.0712,
      "step": 2110
    },
    {
      "epoch": 1.1312700106723586,
      "grad_norm": 0.09486735612154007,
      "learning_rate": 1.2458199928850946e-05,
      "loss": 0.0616,
      "step": 2120
    },
    {
      "epoch": 1.136606189967983,
      "grad_norm": 3.1691362857818604,
      "learning_rate": 1.2422625400213449e-05,
      "loss": 0.1536,
      "step": 2130
    },
    {
      "epoch": 1.1419423692636073,
      "grad_norm": 1.1497145891189575,
      "learning_rate": 1.2387050871575952e-05,
      "loss": 0.0356,
      "step": 2140
    },
    {
      "epoch": 1.1472785485592316,
      "grad_norm": 0.014219922013580799,
      "learning_rate": 1.2351476342938458e-05,
      "loss": 0.0329,
      "step": 2150
    },
    {
      "epoch": 1.152614727854856,
      "grad_norm": 6.834517478942871,
      "learning_rate": 1.2315901814300961e-05,
      "loss": 0.0812,
      "step": 2160
    },
    {
      "epoch": 1.1579509071504803,
      "grad_norm": 6.566258430480957,
      "learning_rate": 1.2280327285663466e-05,
      "loss": 0.1092,
      "step": 2170
    },
    {
      "epoch": 1.1632870864461047,
      "grad_norm": 0.28268924355506897,
      "learning_rate": 1.224475275702597e-05,
      "loss": 0.0285,
      "step": 2180
    },
    {
      "epoch": 1.1686232657417288,
      "grad_norm": 1.5589697360992432,
      "learning_rate": 1.2209178228388475e-05,
      "loss": 0.0463,
      "step": 2190
    },
    {
      "epoch": 1.1739594450373532,
      "grad_norm": 4.456681728363037,
      "learning_rate": 1.217360369975098e-05,
      "loss": 0.0304,
      "step": 2200
    },
    {
      "epoch": 1.1792956243329775,
      "grad_norm": 0.7189327478408813,
      "learning_rate": 1.2138029171113483e-05,
      "loss": 0.0122,
      "step": 2210
    },
    {
      "epoch": 1.1846318036286019,
      "grad_norm": 0.22130686044692993,
      "learning_rate": 1.2102454642475989e-05,
      "loss": 0.0538,
      "step": 2220
    },
    {
      "epoch": 1.1899679829242262,
      "grad_norm": 10.631803512573242,
      "learning_rate": 1.2066880113838492e-05,
      "loss": 0.0342,
      "step": 2230
    },
    {
      "epoch": 1.1953041622198506,
      "grad_norm": 3.2059197425842285,
      "learning_rate": 1.2031305585200996e-05,
      "loss": 0.03,
      "step": 2240
    },
    {
      "epoch": 1.200640341515475,
      "grad_norm": 0.11473480612039566,
      "learning_rate": 1.1995731056563502e-05,
      "loss": 0.0228,
      "step": 2250
    },
    {
      "epoch": 1.2059765208110993,
      "grad_norm": 2.2523326873779297,
      "learning_rate": 1.1960156527926006e-05,
      "loss": 0.0307,
      "step": 2260
    },
    {
      "epoch": 1.2113127001067236,
      "grad_norm": 0.037317387759685516,
      "learning_rate": 1.1924581999288511e-05,
      "loss": 0.0085,
      "step": 2270
    },
    {
      "epoch": 1.216648879402348,
      "grad_norm": 4.32363748550415,
      "learning_rate": 1.1889007470651014e-05,
      "loss": 0.0598,
      "step": 2280
    },
    {
      "epoch": 1.2219850586979724,
      "grad_norm": 2.424769639968872,
      "learning_rate": 1.1853432942013518e-05,
      "loss": 0.0516,
      "step": 2290
    },
    {
      "epoch": 1.2273212379935965,
      "grad_norm": 2.030728340148926,
      "learning_rate": 1.1817858413376025e-05,
      "loss": 0.0629,
      "step": 2300
    },
    {
      "epoch": 1.2326574172892208,
      "grad_norm": 2.9571290016174316,
      "learning_rate": 1.1782283884738528e-05,
      "loss": 0.03,
      "step": 2310
    },
    {
      "epoch": 1.2379935965848452,
      "grad_norm": 0.06790807843208313,
      "learning_rate": 1.1746709356101033e-05,
      "loss": 0.0066,
      "step": 2320
    },
    {
      "epoch": 1.2433297758804696,
      "grad_norm": 0.2806759476661682,
      "learning_rate": 1.1711134827463537e-05,
      "loss": 0.0233,
      "step": 2330
    },
    {
      "epoch": 1.248665955176094,
      "grad_norm": 0.16386166214942932,
      "learning_rate": 1.167556029882604e-05,
      "loss": 0.0673,
      "step": 2340
    },
    {
      "epoch": 1.2540021344717183,
      "grad_norm": 3.628546714782715,
      "learning_rate": 1.1639985770188547e-05,
      "loss": 0.0321,
      "step": 2350
    },
    {
      "epoch": 1.2593383137673426,
      "grad_norm": 0.2714809775352478,
      "learning_rate": 1.160441124155105e-05,
      "loss": 0.0043,
      "step": 2360
    },
    {
      "epoch": 1.264674493062967,
      "grad_norm": 5.185448169708252,
      "learning_rate": 1.1568836712913556e-05,
      "loss": 0.062,
      "step": 2370
    },
    {
      "epoch": 1.2700106723585913,
      "grad_norm": 1.3465051651000977,
      "learning_rate": 1.153326218427606e-05,
      "loss": 0.0557,
      "step": 2380
    },
    {
      "epoch": 1.2753468516542155,
      "grad_norm": 7.746325969696045,
      "learning_rate": 1.1497687655638563e-05,
      "loss": 0.0522,
      "step": 2390
    },
    {
      "epoch": 1.2806830309498398,
      "grad_norm": 1.5541117191314697,
      "learning_rate": 1.146211312700107e-05,
      "loss": 0.0479,
      "step": 2400
    },
    {
      "epoch": 1.2860192102454642,
      "grad_norm": 0.21230964362621307,
      "learning_rate": 1.1426538598363573e-05,
      "loss": 0.0358,
      "step": 2410
    },
    {
      "epoch": 1.2913553895410885,
      "grad_norm": 1.7720930576324463,
      "learning_rate": 1.1390964069726078e-05,
      "loss": 0.0227,
      "step": 2420
    },
    {
      "epoch": 1.2966915688367129,
      "grad_norm": 0.05069296807050705,
      "learning_rate": 1.1355389541088582e-05,
      "loss": 0.0677,
      "step": 2430
    },
    {
      "epoch": 1.3020277481323372,
      "grad_norm": 0.524315357208252,
      "learning_rate": 1.1319815012451085e-05,
      "loss": 0.0096,
      "step": 2440
    },
    {
      "epoch": 1.3073639274279616,
      "grad_norm": 4.210004806518555,
      "learning_rate": 1.128424048381359e-05,
      "loss": 0.0361,
      "step": 2450
    },
    {
      "epoch": 1.312700106723586,
      "grad_norm": 1.45357346534729,
      "learning_rate": 1.1248665955176095e-05,
      "loss": 0.0765,
      "step": 2460
    },
    {
      "epoch": 1.3180362860192103,
      "grad_norm": 0.3804357349872589,
      "learning_rate": 1.12130914265386e-05,
      "loss": 0.0594,
      "step": 2470
    },
    {
      "epoch": 1.3233724653148347,
      "grad_norm": 4.1518940925598145,
      "learning_rate": 1.1177516897901104e-05,
      "loss": 0.0445,
      "step": 2480
    },
    {
      "epoch": 1.328708644610459,
      "grad_norm": 5.974655628204346,
      "learning_rate": 1.1141942369263608e-05,
      "loss": 0.08,
      "step": 2490
    },
    {
      "epoch": 1.3340448239060834,
      "grad_norm": 0.07597523182630539,
      "learning_rate": 1.1106367840626113e-05,
      "loss": 0.0241,
      "step": 2500
    },
    {
      "epoch": 1.3393810032017075,
      "grad_norm": 0.5430129766464233,
      "learning_rate": 1.1070793311988616e-05,
      "loss": 0.0437,
      "step": 2510
    },
    {
      "epoch": 1.3447171824973319,
      "grad_norm": 0.029647307470440865,
      "learning_rate": 1.103521878335112e-05,
      "loss": 0.0268,
      "step": 2520
    },
    {
      "epoch": 1.3500533617929562,
      "grad_norm": 14.463200569152832,
      "learning_rate": 1.0999644254713626e-05,
      "loss": 0.0385,
      "step": 2530
    },
    {
      "epoch": 1.3553895410885806,
      "grad_norm": 0.01864476129412651,
      "learning_rate": 1.096406972607613e-05,
      "loss": 0.0317,
      "step": 2540
    },
    {
      "epoch": 1.360725720384205,
      "grad_norm": 0.041328176856040955,
      "learning_rate": 1.0928495197438635e-05,
      "loss": 0.0176,
      "step": 2550
    },
    {
      "epoch": 1.3660618996798293,
      "grad_norm": 0.12142244726419449,
      "learning_rate": 1.0892920668801139e-05,
      "loss": 0.0367,
      "step": 2560
    },
    {
      "epoch": 1.3713980789754536,
      "grad_norm": 3.4353065490722656,
      "learning_rate": 1.0857346140163642e-05,
      "loss": 0.0318,
      "step": 2570
    },
    {
      "epoch": 1.376734258271078,
      "grad_norm": 0.6694657206535339,
      "learning_rate": 1.0821771611526149e-05,
      "loss": 0.0158,
      "step": 2580
    },
    {
      "epoch": 1.3820704375667021,
      "grad_norm": 0.08666733652353287,
      "learning_rate": 1.0786197082888652e-05,
      "loss": 0.0615,
      "step": 2590
    },
    {
      "epoch": 1.3874066168623265,
      "grad_norm": 1.5567392110824585,
      "learning_rate": 1.0750622554251157e-05,
      "loss": 0.0397,
      "step": 2600
    },
    {
      "epoch": 1.3927427961579508,
      "grad_norm": 3.290236234664917,
      "learning_rate": 1.0715048025613661e-05,
      "loss": 0.0658,
      "step": 2610
    },
    {
      "epoch": 1.3980789754535752,
      "grad_norm": 3.5333011150360107,
      "learning_rate": 1.0679473496976164e-05,
      "loss": 0.0279,
      "step": 2620
    },
    {
      "epoch": 1.4034151547491995,
      "grad_norm": 0.03575490042567253,
      "learning_rate": 1.0643898968338671e-05,
      "loss": 0.0272,
      "step": 2630
    },
    {
      "epoch": 1.4087513340448239,
      "grad_norm": 6.114132404327393,
      "learning_rate": 1.0608324439701175e-05,
      "loss": 0.035,
      "step": 2640
    },
    {
      "epoch": 1.4140875133404482,
      "grad_norm": 7.166247367858887,
      "learning_rate": 1.057274991106368e-05,
      "loss": 0.0544,
      "step": 2650
    },
    {
      "epoch": 1.4194236926360726,
      "grad_norm": 1.2009390592575073,
      "learning_rate": 1.0537175382426183e-05,
      "loss": 0.0444,
      "step": 2660
    },
    {
      "epoch": 1.424759871931697,
      "grad_norm": 0.03627452254295349,
      "learning_rate": 1.0501600853788687e-05,
      "loss": 0.0338,
      "step": 2670
    },
    {
      "epoch": 1.4300960512273213,
      "grad_norm": 0.052022550255060196,
      "learning_rate": 1.0466026325151194e-05,
      "loss": 0.0639,
      "step": 2680
    },
    {
      "epoch": 1.4354322305229457,
      "grad_norm": 0.03606848418712616,
      "learning_rate": 1.0430451796513697e-05,
      "loss": 0.0414,
      "step": 2690
    },
    {
      "epoch": 1.44076840981857,
      "grad_norm": 0.06233113631606102,
      "learning_rate": 1.0394877267876202e-05,
      "loss": 0.0227,
      "step": 2700
    },
    {
      "epoch": 1.4461045891141944,
      "grad_norm": 0.2641235291957855,
      "learning_rate": 1.0359302739238706e-05,
      "loss": 0.0925,
      "step": 2710
    },
    {
      "epoch": 1.4514407684098185,
      "grad_norm": 1.4345471858978271,
      "learning_rate": 1.032372821060121e-05,
      "loss": 0.0459,
      "step": 2720
    },
    {
      "epoch": 1.4567769477054429,
      "grad_norm": 4.729107856750488,
      "learning_rate": 1.0288153681963714e-05,
      "loss": 0.0922,
      "step": 2730
    },
    {
      "epoch": 1.4621131270010672,
      "grad_norm": 0.04233051836490631,
      "learning_rate": 1.025257915332622e-05,
      "loss": 0.0393,
      "step": 2740
    },
    {
      "epoch": 1.4674493062966916,
      "grad_norm": 0.4743092656135559,
      "learning_rate": 1.0217004624688725e-05,
      "loss": 0.0411,
      "step": 2750
    },
    {
      "epoch": 1.472785485592316,
      "grad_norm": 5.196998119354248,
      "learning_rate": 1.0181430096051228e-05,
      "loss": 0.0519,
      "step": 2760
    },
    {
      "epoch": 1.4781216648879403,
      "grad_norm": 4.552583694458008,
      "learning_rate": 1.0145855567413732e-05,
      "loss": 0.129,
      "step": 2770
    },
    {
      "epoch": 1.4834578441835646,
      "grad_norm": 0.34875714778900146,
      "learning_rate": 1.0110281038776237e-05,
      "loss": 0.0351,
      "step": 2780
    },
    {
      "epoch": 1.4887940234791888,
      "grad_norm": 0.5862016081809998,
      "learning_rate": 1.007470651013874e-05,
      "loss": 0.0179,
      "step": 2790
    },
    {
      "epoch": 1.4941302027748131,
      "grad_norm": 0.06105991452932358,
      "learning_rate": 1.0039131981501247e-05,
      "loss": 0.0249,
      "step": 2800
    },
    {
      "epoch": 1.4994663820704375,
      "grad_norm": 0.5367447137832642,
      "learning_rate": 1.000355745286375e-05,
      "loss": 0.0385,
      "step": 2810
    },
    {
      "epoch": 1.5048025613660618,
      "grad_norm": 2.2432243824005127,
      "learning_rate": 9.967982924226256e-06,
      "loss": 0.0241,
      "step": 2820
    },
    {
      "epoch": 1.5101387406616862,
      "grad_norm": 2.097066879272461,
      "learning_rate": 9.932408395588759e-06,
      "loss": 0.0708,
      "step": 2830
    },
    {
      "epoch": 1.5154749199573105,
      "grad_norm": 0.568641722202301,
      "learning_rate": 9.896833866951264e-06,
      "loss": 0.0378,
      "step": 2840
    },
    {
      "epoch": 1.520811099252935,
      "grad_norm": 4.601999759674072,
      "learning_rate": 9.861259338313768e-06,
      "loss": 0.0815,
      "step": 2850
    },
    {
      "epoch": 1.5261472785485592,
      "grad_norm": 3.613428831100464,
      "learning_rate": 9.825684809676273e-06,
      "loss": 0.0391,
      "step": 2860
    },
    {
      "epoch": 1.5314834578441836,
      "grad_norm": 2.447448253631592,
      "learning_rate": 9.790110281038776e-06,
      "loss": 0.0735,
      "step": 2870
    },
    {
      "epoch": 1.536819637139808,
      "grad_norm": 0.22296030819416046,
      "learning_rate": 9.754535752401281e-06,
      "loss": 0.02,
      "step": 2880
    },
    {
      "epoch": 1.5421558164354323,
      "grad_norm": 5.945146083831787,
      "learning_rate": 9.718961223763787e-06,
      "loss": 0.0509,
      "step": 2890
    },
    {
      "epoch": 1.5474919957310567,
      "grad_norm": 0.11299027502536774,
      "learning_rate": 9.68338669512629e-06,
      "loss": 0.043,
      "step": 2900
    },
    {
      "epoch": 1.552828175026681,
      "grad_norm": 0.05723937228322029,
      "learning_rate": 9.647812166488795e-06,
      "loss": 0.0361,
      "step": 2910
    },
    {
      "epoch": 1.5581643543223054,
      "grad_norm": 4.898661136627197,
      "learning_rate": 9.612237637851299e-06,
      "loss": 0.0226,
      "step": 2920
    },
    {
      "epoch": 1.5635005336179295,
      "grad_norm": 0.02432798035442829,
      "learning_rate": 9.576663109213804e-06,
      "loss": 0.0443,
      "step": 2930
    },
    {
      "epoch": 1.5688367129135539,
      "grad_norm": 6.7548675537109375,
      "learning_rate": 9.541088580576307e-06,
      "loss": 0.034,
      "step": 2940
    },
    {
      "epoch": 1.5741728922091782,
      "grad_norm": 0.013405680656433105,
      "learning_rate": 9.505514051938812e-06,
      "loss": 0.0589,
      "step": 2950
    },
    {
      "epoch": 1.5795090715048026,
      "grad_norm": 2.4677743911743164,
      "learning_rate": 9.469939523301318e-06,
      "loss": 0.0294,
      "step": 2960
    },
    {
      "epoch": 1.584845250800427,
      "grad_norm": 5.585515022277832,
      "learning_rate": 9.434364994663821e-06,
      "loss": 0.0605,
      "step": 2970
    },
    {
      "epoch": 1.590181430096051,
      "grad_norm": 0.8867279887199402,
      "learning_rate": 9.398790466026326e-06,
      "loss": 0.0155,
      "step": 2980
    },
    {
      "epoch": 1.5955176093916754,
      "grad_norm": 7.405456066131592,
      "learning_rate": 9.36321593738883e-06,
      "loss": 0.0593,
      "step": 2990
    },
    {
      "epoch": 1.6008537886872998,
      "grad_norm": 0.025741249322891235,
      "learning_rate": 9.327641408751335e-06,
      "loss": 0.0078,
      "step": 3000
    },
    {
      "epoch": 1.6061899679829241,
      "grad_norm": 0.16456179320812225,
      "learning_rate": 9.292066880113838e-06,
      "loss": 0.0234,
      "step": 3010
    },
    {
      "epoch": 1.6115261472785485,
      "grad_norm": 3.4649040699005127,
      "learning_rate": 9.256492351476343e-06,
      "loss": 0.0645,
      "step": 3020
    },
    {
      "epoch": 1.6168623265741728,
      "grad_norm": 0.766846776008606,
      "learning_rate": 9.220917822838849e-06,
      "loss": 0.0523,
      "step": 3030
    },
    {
      "epoch": 1.6221985058697972,
      "grad_norm": 0.06975022703409195,
      "learning_rate": 9.185343294201352e-06,
      "loss": 0.0483,
      "step": 3040
    },
    {
      "epoch": 1.6275346851654215,
      "grad_norm": 2.886392116546631,
      "learning_rate": 9.149768765563857e-06,
      "loss": 0.0244,
      "step": 3050
    },
    {
      "epoch": 1.632870864461046,
      "grad_norm": 0.04915882647037506,
      "learning_rate": 9.11419423692636e-06,
      "loss": 0.0647,
      "step": 3060
    },
    {
      "epoch": 1.6382070437566703,
      "grad_norm": 4.551939010620117,
      "learning_rate": 9.078619708288866e-06,
      "loss": 0.0319,
      "step": 3070
    },
    {
      "epoch": 1.6435432230522946,
      "grad_norm": 6.453431129455566,
      "learning_rate": 9.043045179651371e-06,
      "loss": 0.0318,
      "step": 3080
    },
    {
      "epoch": 1.648879402347919,
      "grad_norm": 0.3628988564014435,
      "learning_rate": 9.007470651013875e-06,
      "loss": 0.0177,
      "step": 3090
    },
    {
      "epoch": 1.6542155816435433,
      "grad_norm": 0.4152664542198181,
      "learning_rate": 8.97189612237638e-06,
      "loss": 0.0339,
      "step": 3100
    },
    {
      "epoch": 1.6595517609391677,
      "grad_norm": 0.025030482560396194,
      "learning_rate": 8.936321593738883e-06,
      "loss": 0.005,
      "step": 3110
    },
    {
      "epoch": 1.664887940234792,
      "grad_norm": 0.05960489436984062,
      "learning_rate": 8.900747065101388e-06,
      "loss": 0.0374,
      "step": 3120
    },
    {
      "epoch": 1.6702241195304164,
      "grad_norm": 0.4660886526107788,
      "learning_rate": 8.865172536463893e-06,
      "loss": 0.0389,
      "step": 3130
    },
    {
      "epoch": 1.6755602988260405,
      "grad_norm": 0.5906513929367065,
      "learning_rate": 8.829598007826397e-06,
      "loss": 0.0102,
      "step": 3140
    },
    {
      "epoch": 1.6808964781216649,
      "grad_norm": 6.417329788208008,
      "learning_rate": 8.794023479188902e-06,
      "loss": 0.0337,
      "step": 3150
    },
    {
      "epoch": 1.6862326574172892,
      "grad_norm": 0.5296474099159241,
      "learning_rate": 8.758448950551406e-06,
      "loss": 0.0959,
      "step": 3160
    },
    {
      "epoch": 1.6915688367129136,
      "grad_norm": 0.07766161113977432,
      "learning_rate": 8.72287442191391e-06,
      "loss": 0.0213,
      "step": 3170
    },
    {
      "epoch": 1.696905016008538,
      "grad_norm": 2.4695522785186768,
      "learning_rate": 8.687299893276416e-06,
      "loss": 0.0333,
      "step": 3180
    },
    {
      "epoch": 1.702241195304162,
      "grad_norm": 0.7887935638427734,
      "learning_rate": 8.65172536463892e-06,
      "loss": 0.0489,
      "step": 3190
    },
    {
      "epoch": 1.7075773745997864,
      "grad_norm": 0.023027386516332626,
      "learning_rate": 8.616150836001423e-06,
      "loss": 0.0282,
      "step": 3200
    },
    {
      "epoch": 1.7129135538954108,
      "grad_norm": 3.854182720184326,
      "learning_rate": 8.580576307363928e-06,
      "loss": 0.0308,
      "step": 3210
    },
    {
      "epoch": 1.7182497331910351,
      "grad_norm": 9.768569946289062,
      "learning_rate": 8.545001778726433e-06,
      "loss": 0.0365,
      "step": 3220
    },
    {
      "epoch": 1.7235859124866595,
      "grad_norm": 0.06689492613077164,
      "learning_rate": 8.509427250088938e-06,
      "loss": 0.0573,
      "step": 3230
    },
    {
      "epoch": 1.7289220917822838,
      "grad_norm": 4.849846839904785,
      "learning_rate": 8.473852721451442e-06,
      "loss": 0.0496,
      "step": 3240
    },
    {
      "epoch": 1.7342582710779082,
      "grad_norm": 1.825896143913269,
      "learning_rate": 8.438278192813945e-06,
      "loss": 0.0373,
      "step": 3250
    },
    {
      "epoch": 1.7395944503735326,
      "grad_norm": 2.4266998767852783,
      "learning_rate": 8.40270366417645e-06,
      "loss": 0.0125,
      "step": 3260
    },
    {
      "epoch": 1.744930629669157,
      "grad_norm": 3.5472829341888428,
      "learning_rate": 8.367129135538955e-06,
      "loss": 0.0129,
      "step": 3270
    },
    {
      "epoch": 1.7502668089647813,
      "grad_norm": 0.02753623016178608,
      "learning_rate": 8.331554606901459e-06,
      "loss": 0.0124,
      "step": 3280
    },
    {
      "epoch": 1.7556029882604056,
      "grad_norm": 0.020656166598200798,
      "learning_rate": 8.295980078263964e-06,
      "loss": 0.0207,
      "step": 3290
    },
    {
      "epoch": 1.76093916755603,
      "grad_norm": 0.008537345565855503,
      "learning_rate": 8.260405549626468e-06,
      "loss": 0.0047,
      "step": 3300
    },
    {
      "epoch": 1.7662753468516543,
      "grad_norm": 0.250497967004776,
      "learning_rate": 8.224831020988973e-06,
      "loss": 0.019,
      "step": 3310
    },
    {
      "epoch": 1.7716115261472787,
      "grad_norm": 11.428923606872559,
      "learning_rate": 8.189256492351478e-06,
      "loss": 0.0439,
      "step": 3320
    },
    {
      "epoch": 1.776947705442903,
      "grad_norm": 1.5322929620742798,
      "learning_rate": 8.153681963713981e-06,
      "loss": 0.0468,
      "step": 3330
    },
    {
      "epoch": 1.7822838847385272,
      "grad_norm": 5.500331878662109,
      "learning_rate": 8.118107435076485e-06,
      "loss": 0.0445,
      "step": 3340
    },
    {
      "epoch": 1.7876200640341515,
      "grad_norm": 3.3239269256591797,
      "learning_rate": 8.08253290643899e-06,
      "loss": 0.0243,
      "step": 3350
    },
    {
      "epoch": 1.7929562433297759,
      "grad_norm": 9.210711479187012,
      "learning_rate": 8.046958377801495e-06,
      "loss": 0.0727,
      "step": 3360
    },
    {
      "epoch": 1.7982924226254002,
      "grad_norm": 2.886549711227417,
      "learning_rate": 8.011383849164e-06,
      "loss": 0.1033,
      "step": 3370
    },
    {
      "epoch": 1.8036286019210246,
      "grad_norm": 3.0686333179473877,
      "learning_rate": 7.975809320526504e-06,
      "loss": 0.0347,
      "step": 3380
    },
    {
      "epoch": 1.8089647812166487,
      "grad_norm": 12.096627235412598,
      "learning_rate": 7.940234791889007e-06,
      "loss": 0.0456,
      "step": 3390
    },
    {
      "epoch": 1.814300960512273,
      "grad_norm": 0.7207698822021484,
      "learning_rate": 7.904660263251512e-06,
      "loss": 0.0462,
      "step": 3400
    },
    {
      "epoch": 1.8196371398078974,
      "grad_norm": 0.24477747082710266,
      "learning_rate": 7.869085734614017e-06,
      "loss": 0.0635,
      "step": 3410
    },
    {
      "epoch": 1.8249733191035218,
      "grad_norm": 0.158670112490654,
      "learning_rate": 7.833511205976521e-06,
      "loss": 0.0163,
      "step": 3420
    },
    {
      "epoch": 1.8303094983991461,
      "grad_norm": 0.050331246107816696,
      "learning_rate": 7.797936677339026e-06,
      "loss": 0.0128,
      "step": 3430
    },
    {
      "epoch": 1.8356456776947705,
      "grad_norm": 0.08532601594924927,
      "learning_rate": 7.76236214870153e-06,
      "loss": 0.0431,
      "step": 3440
    },
    {
      "epoch": 1.8409818569903948,
      "grad_norm": 1.341526746749878,
      "learning_rate": 7.726787620064035e-06,
      "loss": 0.0268,
      "step": 3450
    },
    {
      "epoch": 1.8463180362860192,
      "grad_norm": 0.021369939669966698,
      "learning_rate": 7.69121309142654e-06,
      "loss": 0.0128,
      "step": 3460
    },
    {
      "epoch": 1.8516542155816436,
      "grad_norm": 0.017450548708438873,
      "learning_rate": 7.655638562789043e-06,
      "loss": 0.0176,
      "step": 3470
    },
    {
      "epoch": 1.856990394877268,
      "grad_norm": 0.015540871769189835,
      "learning_rate": 7.6200640341515485e-06,
      "loss": 0.0244,
      "step": 3480
    },
    {
      "epoch": 1.8623265741728923,
      "grad_norm": 0.43078869581222534,
      "learning_rate": 7.584489505514052e-06,
      "loss": 0.0178,
      "step": 3490
    },
    {
      "epoch": 1.8676627534685166,
      "grad_norm": 0.0409872829914093,
      "learning_rate": 7.548914976876557e-06,
      "loss": 0.072,
      "step": 3500
    },
    {
      "epoch": 1.872998932764141,
      "grad_norm": 0.27279382944107056,
      "learning_rate": 7.513340448239061e-06,
      "loss": 0.0451,
      "step": 3510
    },
    {
      "epoch": 1.8783351120597653,
      "grad_norm": 0.014828900806605816,
      "learning_rate": 7.4777659196015665e-06,
      "loss": 0.0038,
      "step": 3520
    },
    {
      "epoch": 1.8836712913553897,
      "grad_norm": 0.025316473096609116,
      "learning_rate": 7.442191390964071e-06,
      "loss": 0.0197,
      "step": 3530
    },
    {
      "epoch": 1.8890074706510138,
      "grad_norm": 3.319213628768921,
      "learning_rate": 7.406616862326574e-06,
      "loss": 0.05,
      "step": 3540
    },
    {
      "epoch": 1.8943436499466382,
      "grad_norm": 3.1262075901031494,
      "learning_rate": 7.3710423336890795e-06,
      "loss": 0.038,
      "step": 3550
    },
    {
      "epoch": 1.8996798292422625,
      "grad_norm": 0.011719358153641224,
      "learning_rate": 7.335467805051584e-06,
      "loss": 0.0265,
      "step": 3560
    },
    {
      "epoch": 1.9050160085378869,
      "grad_norm": 0.011003836989402771,
      "learning_rate": 7.299893276414088e-06,
      "loss": 0.0365,
      "step": 3570
    },
    {
      "epoch": 1.9103521878335112,
      "grad_norm": 0.1665247231721878,
      "learning_rate": 7.264318747776593e-06,
      "loss": 0.0323,
      "step": 3580
    },
    {
      "epoch": 1.9156883671291356,
      "grad_norm": 2.2073419094085693,
      "learning_rate": 7.228744219139097e-06,
      "loss": 0.0156,
      "step": 3590
    },
    {
      "epoch": 1.9210245464247597,
      "grad_norm": 0.02252187766134739,
      "learning_rate": 7.193169690501601e-06,
      "loss": 0.0315,
      "step": 3600
    },
    {
      "epoch": 1.926360725720384,
      "grad_norm": 0.09363145381212234,
      "learning_rate": 7.157595161864106e-06,
      "loss": 0.0162,
      "step": 3610
    },
    {
      "epoch": 1.9316969050160084,
      "grad_norm": 2.9019861221313477,
      "learning_rate": 7.1220206332266105e-06,
      "loss": 0.0206,
      "step": 3620
    },
    {
      "epoch": 1.9370330843116328,
      "grad_norm": 6.105608940124512,
      "learning_rate": 7.086446104589116e-06,
      "loss": 0.0836,
      "step": 3630
    },
    {
      "epoch": 1.9423692636072571,
      "grad_norm": 0.040905945003032684,
      "learning_rate": 7.050871575951619e-06,
      "loss": 0.0218,
      "step": 3640
    },
    {
      "epoch": 1.9477054429028815,
      "grad_norm": 5.7603278160095215,
      "learning_rate": 7.015297047314123e-06,
      "loss": 0.028,
      "step": 3650
    },
    {
      "epoch": 1.9530416221985059,
      "grad_norm": 0.11885683238506317,
      "learning_rate": 6.9797225186766286e-06,
      "loss": 0.0187,
      "step": 3660
    },
    {
      "epoch": 1.9583778014941302,
      "grad_norm": 0.7551345825195312,
      "learning_rate": 6.944147990039133e-06,
      "loss": 0.1064,
      "step": 3670
    },
    {
      "epoch": 1.9637139807897546,
      "grad_norm": 4.162289619445801,
      "learning_rate": 6.908573461401637e-06,
      "loss": 0.0985,
      "step": 3680
    },
    {
      "epoch": 1.969050160085379,
      "grad_norm": 0.0645778551697731,
      "learning_rate": 6.8729989327641415e-06,
      "loss": 0.0117,
      "step": 3690
    },
    {
      "epoch": 1.9743863393810033,
      "grad_norm": 2.1845791339874268,
      "learning_rate": 6.837424404126646e-06,
      "loss": 0.0506,
      "step": 3700
    },
    {
      "epoch": 1.9797225186766276,
      "grad_norm": 0.010355194099247456,
      "learning_rate": 6.80184987548915e-06,
      "loss": 0.0262,
      "step": 3710
    },
    {
      "epoch": 1.985058697972252,
      "grad_norm": 0.015152287669479847,
      "learning_rate": 6.766275346851655e-06,
      "loss": 0.083,
      "step": 3720
    },
    {
      "epoch": 1.9903948772678763,
      "grad_norm": 15.166773796081543,
      "learning_rate": 6.730700818214159e-06,
      "loss": 0.0675,
      "step": 3730
    },
    {
      "epoch": 1.9957310565635007,
      "grad_norm": 0.22865734994411469,
      "learning_rate": 6.695126289576663e-06,
      "loss": 0.0322,
      "step": 3740
    },
    {
      "epoch": 2.0,
      "eval_accuracy": 0.9852313987666417,
      "eval_loss": 0.06196138262748718,
      "eval_runtime": 25.3729,
      "eval_samples_per_second": 136.603,
      "eval_steps_per_second": 17.105,
      "step": 3748
    },
    {
      "epoch": 2.001067235859125,
      "grad_norm": 1.6867178678512573,
      "learning_rate": 6.659551760939168e-06,
      "loss": 0.0534,
      "step": 3750
    },
    {
      "epoch": 2.0064034151547494,
      "grad_norm": 0.020519046112895012,
      "learning_rate": 6.6239772323016725e-06,
      "loss": 0.0065,
      "step": 3760
    },
    {
      "epoch": 2.0117395944503733,
      "grad_norm": 0.19775767624378204,
      "learning_rate": 6.588402703664178e-06,
      "loss": 0.009,
      "step": 3770
    },
    {
      "epoch": 2.0170757737459977,
      "grad_norm": 0.0944485142827034,
      "learning_rate": 6.552828175026681e-06,
      "loss": 0.0194,
      "step": 3780
    },
    {
      "epoch": 2.022411953041622,
      "grad_norm": 0.03807155787944794,
      "learning_rate": 6.517253646389185e-06,
      "loss": 0.0034,
      "step": 3790
    },
    {
      "epoch": 2.0277481323372464,
      "grad_norm": 0.05192842707037926,
      "learning_rate": 6.481679117751691e-06,
      "loss": 0.0358,
      "step": 3800
    },
    {
      "epoch": 2.0330843116328707,
      "grad_norm": 3.811769485473633,
      "learning_rate": 6.446104589114195e-06,
      "loss": 0.0359,
      "step": 3810
    },
    {
      "epoch": 2.038420490928495,
      "grad_norm": 3.638561487197876,
      "learning_rate": 6.410530060476699e-06,
      "loss": 0.0321,
      "step": 3820
    },
    {
      "epoch": 2.0437566702241194,
      "grad_norm": 0.2869736850261688,
      "learning_rate": 6.3749555318392035e-06,
      "loss": 0.0252,
      "step": 3830
    },
    {
      "epoch": 2.049092849519744,
      "grad_norm": 0.0266860481351614,
      "learning_rate": 6.339381003201708e-06,
      "loss": 0.0355,
      "step": 3840
    },
    {
      "epoch": 2.054429028815368,
      "grad_norm": 4.348410606384277,
      "learning_rate": 6.303806474564212e-06,
      "loss": 0.0241,
      "step": 3850
    },
    {
      "epoch": 2.0597652081109925,
      "grad_norm": 2.6698696613311768,
      "learning_rate": 6.268231945926717e-06,
      "loss": 0.0216,
      "step": 3860
    },
    {
      "epoch": 2.065101387406617,
      "grad_norm": 1.3496743440628052,
      "learning_rate": 6.232657417289222e-06,
      "loss": 0.0067,
      "step": 3870
    },
    {
      "epoch": 2.070437566702241,
      "grad_norm": 1.9821842908859253,
      "learning_rate": 6.197082888651725e-06,
      "loss": 0.0348,
      "step": 3880
    },
    {
      "epoch": 2.0757737459978656,
      "grad_norm": 0.013611654751002789,
      "learning_rate": 6.16150836001423e-06,
      "loss": 0.008,
      "step": 3890
    },
    {
      "epoch": 2.08110992529349,
      "grad_norm": 0.15532712638378143,
      "learning_rate": 6.1259338313767345e-06,
      "loss": 0.0544,
      "step": 3900
    },
    {
      "epoch": 2.0864461045891143,
      "grad_norm": 0.7431150674819946,
      "learning_rate": 6.09035930273924e-06,
      "loss": 0.0273,
      "step": 3910
    },
    {
      "epoch": 2.0917822838847386,
      "grad_norm": 0.1282200962305069,
      "learning_rate": 6.054784774101744e-06,
      "loss": 0.0265,
      "step": 3920
    },
    {
      "epoch": 2.097118463180363,
      "grad_norm": 1.5711703300476074,
      "learning_rate": 6.0192102454642474e-06,
      "loss": 0.0274,
      "step": 3930
    },
    {
      "epoch": 2.1024546424759873,
      "grad_norm": 0.007574841845780611,
      "learning_rate": 5.983635716826753e-06,
      "loss": 0.0063,
      "step": 3940
    },
    {
      "epoch": 2.1077908217716117,
      "grad_norm": 3.5414764881134033,
      "learning_rate": 5.948061188189257e-06,
      "loss": 0.0173,
      "step": 3950
    },
    {
      "epoch": 2.113127001067236,
      "grad_norm": 1.7490288019180298,
      "learning_rate": 5.912486659551761e-06,
      "loss": 0.0066,
      "step": 3960
    },
    {
      "epoch": 2.11846318036286,
      "grad_norm": 9.015626907348633,
      "learning_rate": 5.876912130914266e-06,
      "loss": 0.017,
      "step": 3970
    },
    {
      "epoch": 2.1237993596584843,
      "grad_norm": 0.5983755588531494,
      "learning_rate": 5.84133760227677e-06,
      "loss": 0.0284,
      "step": 3980
    },
    {
      "epoch": 2.1291355389541087,
      "grad_norm": 0.3358279764652252,
      "learning_rate": 5.805763073639274e-06,
      "loss": 0.0633,
      "step": 3990
    },
    {
      "epoch": 2.134471718249733,
      "grad_norm": 7.300938129425049,
      "learning_rate": 5.770188545001779e-06,
      "loss": 0.0478,
      "step": 4000
    },
    {
      "epoch": 2.1398078975453574,
      "grad_norm": 0.6811940670013428,
      "learning_rate": 5.734614016364284e-06,
      "loss": 0.0051,
      "step": 4010
    },
    {
      "epoch": 2.1451440768409817,
      "grad_norm": 0.06921207904815674,
      "learning_rate": 5.699039487726789e-06,
      "loss": 0.0025,
      "step": 4020
    },
    {
      "epoch": 2.150480256136606,
      "grad_norm": 0.0489780493080616,
      "learning_rate": 5.663464959089292e-06,
      "loss": 0.0027,
      "step": 4030
    },
    {
      "epoch": 2.1558164354322304,
      "grad_norm": 0.011723407544195652,
      "learning_rate": 5.6278904304517965e-06,
      "loss": 0.0556,
      "step": 4040
    },
    {
      "epoch": 2.161152614727855,
      "grad_norm": 0.005241050850600004,
      "learning_rate": 5.592315901814302e-06,
      "loss": 0.0086,
      "step": 4050
    },
    {
      "epoch": 2.166488794023479,
      "grad_norm": 0.09566080570220947,
      "learning_rate": 5.556741373176806e-06,
      "loss": 0.0042,
      "step": 4060
    },
    {
      "epoch": 2.1718249733191035,
      "grad_norm": 0.7523355484008789,
      "learning_rate": 5.521166844539311e-06,
      "loss": 0.0487,
      "step": 4070
    },
    {
      "epoch": 2.177161152614728,
      "grad_norm": 0.015156317502260208,
      "learning_rate": 5.485592315901815e-06,
      "loss": 0.0026,
      "step": 4080
    },
    {
      "epoch": 2.1824973319103522,
      "grad_norm": 1.579807162284851,
      "learning_rate": 5.450017787264319e-06,
      "loss": 0.0177,
      "step": 4090
    },
    {
      "epoch": 2.1878335112059766,
      "grad_norm": 0.13924480974674225,
      "learning_rate": 5.414443258626823e-06,
      "loss": 0.0146,
      "step": 4100
    },
    {
      "epoch": 2.193169690501601,
      "grad_norm": 6.966001033782959,
      "learning_rate": 5.378868729989328e-06,
      "loss": 0.0324,
      "step": 4110
    },
    {
      "epoch": 2.1985058697972253,
      "grad_norm": 0.307640016078949,
      "learning_rate": 5.343294201351833e-06,
      "loss": 0.036,
      "step": 4120
    },
    {
      "epoch": 2.2038420490928496,
      "grad_norm": 0.20654365420341492,
      "learning_rate": 5.307719672714336e-06,
      "loss": 0.0117,
      "step": 4130
    },
    {
      "epoch": 2.209178228388474,
      "grad_norm": 0.012719090096652508,
      "learning_rate": 5.272145144076841e-06,
      "loss": 0.0621,
      "step": 4140
    },
    {
      "epoch": 2.2145144076840984,
      "grad_norm": 7.343707084655762,
      "learning_rate": 5.236570615439346e-06,
      "loss": 0.0271,
      "step": 4150
    },
    {
      "epoch": 2.2198505869797227,
      "grad_norm": 0.05276617780327797,
      "learning_rate": 5.200996086801851e-06,
      "loss": 0.0211,
      "step": 4160
    },
    {
      "epoch": 2.225186766275347,
      "grad_norm": 1.0774141550064087,
      "learning_rate": 5.165421558164355e-06,
      "loss": 0.0273,
      "step": 4170
    },
    {
      "epoch": 2.2305229455709714,
      "grad_norm": 0.1116141527891159,
      "learning_rate": 5.1298470295268585e-06,
      "loss": 0.0065,
      "step": 4180
    },
    {
      "epoch": 2.2358591248665953,
      "grad_norm": 0.5248206257820129,
      "learning_rate": 5.094272500889364e-06,
      "loss": 0.0052,
      "step": 4190
    },
    {
      "epoch": 2.2411953041622197,
      "grad_norm": 0.02287786826491356,
      "learning_rate": 5.058697972251868e-06,
      "loss": 0.0297,
      "step": 4200
    },
    {
      "epoch": 2.246531483457844,
      "grad_norm": 11.665543556213379,
      "learning_rate": 5.023123443614373e-06,
      "loss": 0.0475,
      "step": 4210
    },
    {
      "epoch": 2.2518676627534684,
      "grad_norm": 0.2193511426448822,
      "learning_rate": 4.987548914976877e-06,
      "loss": 0.0186,
      "step": 4220
    },
    {
      "epoch": 2.2572038420490927,
      "grad_norm": 0.5248081684112549,
      "learning_rate": 4.951974386339382e-06,
      "loss": 0.0059,
      "step": 4230
    },
    {
      "epoch": 2.262540021344717,
      "grad_norm": 0.1306956559419632,
      "learning_rate": 4.916399857701885e-06,
      "loss": 0.0246,
      "step": 4240
    },
    {
      "epoch": 2.2678762006403415,
      "grad_norm": 0.3591611683368683,
      "learning_rate": 4.88082532906439e-06,
      "loss": 0.0203,
      "step": 4250
    },
    {
      "epoch": 2.273212379935966,
      "grad_norm": 2.96344256401062,
      "learning_rate": 4.845250800426895e-06,
      "loss": 0.0097,
      "step": 4260
    },
    {
      "epoch": 2.27854855923159,
      "grad_norm": 0.023657964542508125,
      "learning_rate": 4.809676271789399e-06,
      "loss": 0.0168,
      "step": 4270
    },
    {
      "epoch": 2.2838847385272145,
      "grad_norm": 0.013457118533551693,
      "learning_rate": 4.774101743151904e-06,
      "loss": 0.063,
      "step": 4280
    },
    {
      "epoch": 2.289220917822839,
      "grad_norm": 0.005742545705288649,
      "learning_rate": 4.738527214514408e-06,
      "loss": 0.0136,
      "step": 4290
    },
    {
      "epoch": 2.2945570971184632,
      "grad_norm": 1.2106692790985107,
      "learning_rate": 4.702952685876913e-06,
      "loss": 0.009,
      "step": 4300
    },
    {
      "epoch": 2.2998932764140876,
      "grad_norm": 19.056154251098633,
      "learning_rate": 4.667378157239417e-06,
      "loss": 0.017,
      "step": 4310
    },
    {
      "epoch": 2.305229455709712,
      "grad_norm": 0.3001583516597748,
      "learning_rate": 4.631803628601921e-06,
      "loss": 0.0034,
      "step": 4320
    },
    {
      "epoch": 2.3105656350053363,
      "grad_norm": 2.920971155166626,
      "learning_rate": 4.596229099964426e-06,
      "loss": 0.0052,
      "step": 4330
    },
    {
      "epoch": 2.3159018143009606,
      "grad_norm": 0.2378598004579544,
      "learning_rate": 4.56065457132693e-06,
      "loss": 0.0341,
      "step": 4340
    },
    {
      "epoch": 2.321237993596585,
      "grad_norm": 0.03858571872115135,
      "learning_rate": 4.525080042689435e-06,
      "loss": 0.0081,
      "step": 4350
    },
    {
      "epoch": 2.3265741728922094,
      "grad_norm": 0.2452327311038971,
      "learning_rate": 4.489505514051939e-06,
      "loss": 0.0072,
      "step": 4360
    },
    {
      "epoch": 2.3319103521878333,
      "grad_norm": 0.16121581196784973,
      "learning_rate": 4.453930985414444e-06,
      "loss": 0.0021,
      "step": 4370
    },
    {
      "epoch": 2.3372465314834576,
      "grad_norm": 0.006260327994823456,
      "learning_rate": 4.418356456776948e-06,
      "loss": 0.0051,
      "step": 4380
    },
    {
      "epoch": 2.342582710779082,
      "grad_norm": 0.037732481956481934,
      "learning_rate": 4.382781928139452e-06,
      "loss": 0.0079,
      "step": 4390
    },
    {
      "epoch": 2.3479188900747063,
      "grad_norm": 3.4846105575561523,
      "learning_rate": 4.347207399501957e-06,
      "loss": 0.0175,
      "step": 4400
    },
    {
      "epoch": 2.3532550693703307,
      "grad_norm": 12.957180976867676,
      "learning_rate": 4.311632870864461e-06,
      "loss": 0.0565,
      "step": 4410
    },
    {
      "epoch": 2.358591248665955,
      "grad_norm": 3.4195172786712646,
      "learning_rate": 4.276058342226966e-06,
      "loss": 0.0141,
      "step": 4420
    },
    {
      "epoch": 2.3639274279615794,
      "grad_norm": 1.557418704032898,
      "learning_rate": 4.2404838135894705e-06,
      "loss": 0.0157,
      "step": 4430
    },
    {
      "epoch": 2.3692636072572038,
      "grad_norm": 9.148590087890625,
      "learning_rate": 4.204909284951975e-06,
      "loss": 0.0065,
      "step": 4440
    },
    {
      "epoch": 2.374599786552828,
      "grad_norm": 3.5312843322753906,
      "learning_rate": 4.169334756314479e-06,
      "loss": 0.0066,
      "step": 4450
    },
    {
      "epoch": 2.3799359658484525,
      "grad_norm": 0.017550965771079063,
      "learning_rate": 4.133760227676983e-06,
      "loss": 0.0043,
      "step": 4460
    },
    {
      "epoch": 2.385272145144077,
      "grad_norm": 0.009335936047136784,
      "learning_rate": 4.098185699039488e-06,
      "loss": 0.0181,
      "step": 4470
    },
    {
      "epoch": 2.390608324439701,
      "grad_norm": 0.231266051530838,
      "learning_rate": 4.062611170401993e-06,
      "loss": 0.0243,
      "step": 4480
    },
    {
      "epoch": 2.3959445037353255,
      "grad_norm": 0.013835782185196877,
      "learning_rate": 4.027036641764497e-06,
      "loss": 0.025,
      "step": 4490
    },
    {
      "epoch": 2.40128068303095,
      "grad_norm": 0.01831306517124176,
      "learning_rate": 3.9914621131270015e-06,
      "loss": 0.0076,
      "step": 4500
    },
    {
      "epoch": 2.4066168623265742,
      "grad_norm": 0.015429917722940445,
      "learning_rate": 3.955887584489506e-06,
      "loss": 0.0409,
      "step": 4510
    },
    {
      "epoch": 2.4119530416221986,
      "grad_norm": 2.9469616413116455,
      "learning_rate": 3.92031305585201e-06,
      "loss": 0.0221,
      "step": 4520
    },
    {
      "epoch": 2.417289220917823,
      "grad_norm": 0.04304130747914314,
      "learning_rate": 3.884738527214515e-06,
      "loss": 0.0212,
      "step": 4530
    },
    {
      "epoch": 2.4226254002134473,
      "grad_norm": 1.1859742403030396,
      "learning_rate": 3.849163998577019e-06,
      "loss": 0.0275,
      "step": 4540
    },
    {
      "epoch": 2.4279615795090717,
      "grad_norm": 6.120255470275879,
      "learning_rate": 3.813589469939524e-06,
      "loss": 0.0023,
      "step": 4550
    },
    {
      "epoch": 2.433297758804696,
      "grad_norm": 1.2366803884506226,
      "learning_rate": 3.7780149413020278e-06,
      "loss": 0.0049,
      "step": 4560
    },
    {
      "epoch": 2.4386339381003204,
      "grad_norm": 3.855762243270874,
      "learning_rate": 3.7424404126645325e-06,
      "loss": 0.0409,
      "step": 4570
    },
    {
      "epoch": 2.4439701173959447,
      "grad_norm": 0.02495473623275757,
      "learning_rate": 3.7068658840270372e-06,
      "loss": 0.0276,
      "step": 4580
    },
    {
      "epoch": 2.449306296691569,
      "grad_norm": 4.436068534851074,
      "learning_rate": 3.671291355389541e-06,
      "loss": 0.0288,
      "step": 4590
    },
    {
      "epoch": 2.454642475987193,
      "grad_norm": 1.768287181854248,
      "learning_rate": 3.635716826752046e-06,
      "loss": 0.01,
      "step": 4600
    },
    {
      "epoch": 2.4599786552828173,
      "grad_norm": 0.034444697201251984,
      "learning_rate": 3.60014229811455e-06,
      "loss": 0.0056,
      "step": 4610
    },
    {
      "epoch": 2.4653148345784417,
      "grad_norm": 0.5181129574775696,
      "learning_rate": 3.564567769477055e-06,
      "loss": 0.007,
      "step": 4620
    },
    {
      "epoch": 2.470651013874066,
      "grad_norm": 0.17341817915439606,
      "learning_rate": 3.528993240839559e-06,
      "loss": 0.0214,
      "step": 4630
    },
    {
      "epoch": 2.4759871931696904,
      "grad_norm": 0.008683860301971436,
      "learning_rate": 3.4934187122020635e-06,
      "loss": 0.0097,
      "step": 4640
    },
    {
      "epoch": 2.4813233724653148,
      "grad_norm": 0.008620557375252247,
      "learning_rate": 3.4578441835645682e-06,
      "loss": 0.0126,
      "step": 4650
    },
    {
      "epoch": 2.486659551760939,
      "grad_norm": 0.011359949596226215,
      "learning_rate": 3.422269654927072e-06,
      "loss": 0.0042,
      "step": 4660
    },
    {
      "epoch": 2.4919957310565635,
      "grad_norm": 5.0438032150268555,
      "learning_rate": 3.386695126289577e-06,
      "loss": 0.0324,
      "step": 4670
    },
    {
      "epoch": 2.497331910352188,
      "grad_norm": 0.034568656235933304,
      "learning_rate": 3.3511205976520816e-06,
      "loss": 0.0305,
      "step": 4680
    },
    {
      "epoch": 2.502668089647812,
      "grad_norm": 2.874316930770874,
      "learning_rate": 3.315546069014586e-06,
      "loss": 0.0165,
      "step": 4690
    },
    {
      "epoch": 2.5080042689434365,
      "grad_norm": 25.23130989074707,
      "learning_rate": 3.2799715403770906e-06,
      "loss": 0.0178,
      "step": 4700
    },
    {
      "epoch": 2.513340448239061,
      "grad_norm": 0.056380968540906906,
      "learning_rate": 3.2443970117395945e-06,
      "loss": 0.0139,
      "step": 4710
    },
    {
      "epoch": 2.5186766275346852,
      "grad_norm": 0.11958060413599014,
      "learning_rate": 3.2088224831020993e-06,
      "loss": 0.0126,
      "step": 4720
    },
    {
      "epoch": 2.5240128068303096,
      "grad_norm": 0.5480358004570007,
      "learning_rate": 3.173247954464604e-06,
      "loss": 0.0512,
      "step": 4730
    },
    {
      "epoch": 2.529348986125934,
      "grad_norm": 3.6914639472961426,
      "learning_rate": 3.137673425827108e-06,
      "loss": 0.0065,
      "step": 4740
    },
    {
      "epoch": 2.5346851654215583,
      "grad_norm": 0.060368768870830536,
      "learning_rate": 3.1020988971896126e-06,
      "loss": 0.0413,
      "step": 4750
    },
    {
      "epoch": 2.5400213447171827,
      "grad_norm": 7.84899377822876,
      "learning_rate": 3.066524368552117e-06,
      "loss": 0.0917,
      "step": 4760
    },
    {
      "epoch": 2.5453575240128066,
      "grad_norm": 0.025254061445593834,
      "learning_rate": 3.0309498399146216e-06,
      "loss": 0.0055,
      "step": 4770
    },
    {
      "epoch": 2.550693703308431,
      "grad_norm": 0.28824764490127563,
      "learning_rate": 2.9953753112771255e-06,
      "loss": 0.0191,
      "step": 4780
    },
    {
      "epoch": 2.5560298826040553,
      "grad_norm": 0.03181028738617897,
      "learning_rate": 2.9598007826396303e-06,
      "loss": 0.0178,
      "step": 4790
    },
    {
      "epoch": 2.5613660618996796,
      "grad_norm": 1.7295223474502563,
      "learning_rate": 2.924226254002135e-06,
      "loss": 0.0169,
      "step": 4800
    },
    {
      "epoch": 2.566702241195304,
      "grad_norm": 6.0562920570373535,
      "learning_rate": 2.888651725364639e-06,
      "loss": 0.0109,
      "step": 4810
    },
    {
      "epoch": 2.5720384204909283,
      "grad_norm": 4.158323287963867,
      "learning_rate": 2.8530771967271436e-06,
      "loss": 0.0134,
      "step": 4820
    },
    {
      "epoch": 2.5773745997865527,
      "grad_norm": 1.412440299987793,
      "learning_rate": 2.817502668089648e-06,
      "loss": 0.0027,
      "step": 4830
    },
    {
      "epoch": 2.582710779082177,
      "grad_norm": 0.03263953700661659,
      "learning_rate": 2.7819281394521526e-06,
      "loss": 0.0208,
      "step": 4840
    },
    {
      "epoch": 2.5880469583778014,
      "grad_norm": 0.6060867309570312,
      "learning_rate": 2.746353610814657e-06,
      "loss": 0.0111,
      "step": 4850
    },
    {
      "epoch": 2.5933831376734258,
      "grad_norm": 0.09306791424751282,
      "learning_rate": 2.7107790821771613e-06,
      "loss": 0.027,
      "step": 4860
    },
    {
      "epoch": 2.59871931696905,
      "grad_norm": 0.02771768718957901,
      "learning_rate": 2.675204553539666e-06,
      "loss": 0.0342,
      "step": 4870
    },
    {
      "epoch": 2.6040554962646745,
      "grad_norm": 0.0206650011241436,
      "learning_rate": 2.63963002490217e-06,
      "loss": 0.0132,
      "step": 4880
    },
    {
      "epoch": 2.609391675560299,
      "grad_norm": 0.009508279152214527,
      "learning_rate": 2.6040554962646746e-06,
      "loss": 0.0114,
      "step": 4890
    },
    {
      "epoch": 2.614727854855923,
      "grad_norm": 0.01193292997777462,
      "learning_rate": 2.5684809676271793e-06,
      "loss": 0.0028,
      "step": 4900
    },
    {
      "epoch": 2.6200640341515475,
      "grad_norm": 0.008655223995447159,
      "learning_rate": 2.5329064389896837e-06,
      "loss": 0.0368,
      "step": 4910
    },
    {
      "epoch": 2.625400213447172,
      "grad_norm": 1.8229583501815796,
      "learning_rate": 2.497331910352188e-06,
      "loss": 0.0051,
      "step": 4920
    },
    {
      "epoch": 2.6307363927427962,
      "grad_norm": 0.11573247611522675,
      "learning_rate": 2.4617573817146927e-06,
      "loss": 0.0842,
      "step": 4930
    },
    {
      "epoch": 2.6360725720384206,
      "grad_norm": 0.009360197931528091,
      "learning_rate": 2.426182853077197e-06,
      "loss": 0.0058,
      "step": 4940
    },
    {
      "epoch": 2.641408751334045,
      "grad_norm": 4.248007297515869,
      "learning_rate": 2.3906083244397013e-06,
      "loss": 0.0109,
      "step": 4950
    },
    {
      "epoch": 2.6467449306296693,
      "grad_norm": 0.024408211931586266,
      "learning_rate": 2.3550337958022056e-06,
      "loss": 0.0416,
      "step": 4960
    },
    {
      "epoch": 2.6520811099252937,
      "grad_norm": 0.06675300002098083,
      "learning_rate": 2.3194592671647104e-06,
      "loss": 0.0011,
      "step": 4970
    },
    {
      "epoch": 2.657417289220918,
      "grad_norm": 3.187196969985962,
      "learning_rate": 2.2838847385272147e-06,
      "loss": 0.0031,
      "step": 4980
    },
    {
      "epoch": 2.6627534685165424,
      "grad_norm": 0.879959225654602,
      "learning_rate": 2.248310209889719e-06,
      "loss": 0.0293,
      "step": 4990
    },
    {
      "epoch": 2.6680896478121667,
      "grad_norm": 0.055631667375564575,
      "learning_rate": 2.2127356812522237e-06,
      "loss": 0.0257,
      "step": 5000
    },
    {
      "epoch": 2.673425827107791,
      "grad_norm": 0.15482978522777557,
      "learning_rate": 2.177161152614728e-06,
      "loss": 0.0244,
      "step": 5010
    },
    {
      "epoch": 2.678762006403415,
      "grad_norm": 4.007211685180664,
      "learning_rate": 2.1415866239772327e-06,
      "loss": 0.0385,
      "step": 5020
    },
    {
      "epoch": 2.6840981856990394,
      "grad_norm": 0.04248689115047455,
      "learning_rate": 2.106012095339737e-06,
      "loss": 0.0168,
      "step": 5030
    },
    {
      "epoch": 2.6894343649946637,
      "grad_norm": 2.8073031902313232,
      "learning_rate": 2.0704375667022414e-06,
      "loss": 0.0346,
      "step": 5040
    },
    {
      "epoch": 2.694770544290288,
      "grad_norm": 0.0328909233212471,
      "learning_rate": 2.0348630380647457e-06,
      "loss": 0.0089,
      "step": 5050
    },
    {
      "epoch": 2.7001067235859124,
      "grad_norm": 7.744222640991211,
      "learning_rate": 1.99928850942725e-06,
      "loss": 0.0433,
      "step": 5060
    },
    {
      "epoch": 2.7054429028815368,
      "grad_norm": 0.9166194200515747,
      "learning_rate": 1.9637139807897547e-06,
      "loss": 0.0134,
      "step": 5070
    },
    {
      "epoch": 2.710779082177161,
      "grad_norm": 0.049494653940200806,
      "learning_rate": 1.928139452152259e-06,
      "loss": 0.0087,
      "step": 5080
    },
    {
      "epoch": 2.7161152614727855,
      "grad_norm": 0.027415473014116287,
      "learning_rate": 1.8925649235147635e-06,
      "loss": 0.0261,
      "step": 5090
    },
    {
      "epoch": 2.72145144076841,
      "grad_norm": 0.012935667298734188,
      "learning_rate": 1.856990394877268e-06,
      "loss": 0.0227,
      "step": 5100
    },
    {
      "epoch": 2.726787620064034,
      "grad_norm": 0.08358578383922577,
      "learning_rate": 1.8214158662397724e-06,
      "loss": 0.013,
      "step": 5110
    },
    {
      "epoch": 2.7321237993596585,
      "grad_norm": 0.1223699226975441,
      "learning_rate": 1.7858413376022769e-06,
      "loss": 0.0212,
      "step": 5120
    },
    {
      "epoch": 2.737459978655283,
      "grad_norm": 0.012880848720669746,
      "learning_rate": 1.7502668089647814e-06,
      "loss": 0.0656,
      "step": 5130
    },
    {
      "epoch": 2.7427961579509073,
      "grad_norm": 1.5900077819824219,
      "learning_rate": 1.714692280327286e-06,
      "loss": 0.0272,
      "step": 5140
    },
    {
      "epoch": 2.7481323372465316,
      "grad_norm": 0.0474834106862545,
      "learning_rate": 1.6791177516897902e-06,
      "loss": 0.0355,
      "step": 5150
    },
    {
      "epoch": 2.753468516542156,
      "grad_norm": 0.18052339553833008,
      "learning_rate": 1.6435432230522945e-06,
      "loss": 0.0425,
      "step": 5160
    },
    {
      "epoch": 2.75880469583778,
      "grad_norm": 0.028914332389831543,
      "learning_rate": 1.607968694414799e-06,
      "loss": 0.0351,
      "step": 5170
    },
    {
      "epoch": 2.7641408751334042,
      "grad_norm": 0.15735694766044617,
      "learning_rate": 1.5723941657773038e-06,
      "loss": 0.0143,
      "step": 5180
    },
    {
      "epoch": 2.7694770544290286,
      "grad_norm": 0.23263020813465118,
      "learning_rate": 1.5368196371398081e-06,
      "loss": 0.018,
      "step": 5190
    },
    {
      "epoch": 2.774813233724653,
      "grad_norm": 0.6237317323684692,
      "learning_rate": 1.5012451085023124e-06,
      "loss": 0.0195,
      "step": 5200
    },
    {
      "epoch": 2.7801494130202773,
      "grad_norm": 0.24863804876804352,
      "learning_rate": 1.465670579864817e-06,
      "loss": 0.0117,
      "step": 5210
    },
    {
      "epoch": 2.7854855923159016,
      "grad_norm": 5.350234031677246,
      "learning_rate": 1.4300960512273212e-06,
      "loss": 0.0191,
      "step": 5220
    },
    {
      "epoch": 2.790821771611526,
      "grad_norm": 0.057688795030117035,
      "learning_rate": 1.394521522589826e-06,
      "loss": 0.0061,
      "step": 5230
    },
    {
      "epoch": 2.7961579509071504,
      "grad_norm": 0.6525572538375854,
      "learning_rate": 1.3589469939523303e-06,
      "loss": 0.0034,
      "step": 5240
    },
    {
      "epoch": 2.8014941302027747,
      "grad_norm": 0.013251758180558681,
      "learning_rate": 1.3233724653148348e-06,
      "loss": 0.0177,
      "step": 5250
    },
    {
      "epoch": 2.806830309498399,
      "grad_norm": 0.1982334554195404,
      "learning_rate": 1.2877979366773391e-06,
      "loss": 0.0359,
      "step": 5260
    },
    {
      "epoch": 2.8121664887940234,
      "grad_norm": 0.17844946682453156,
      "learning_rate": 1.2522234080398434e-06,
      "loss": 0.0047,
      "step": 5270
    },
    {
      "epoch": 2.8175026680896478,
      "grad_norm": 0.31727713346481323,
      "learning_rate": 1.216648879402348e-06,
      "loss": 0.009,
      "step": 5280
    },
    {
      "epoch": 2.822838847385272,
      "grad_norm": 0.009184809401631355,
      "learning_rate": 1.1810743507648525e-06,
      "loss": 0.0254,
      "step": 5290
    },
    {
      "epoch": 2.8281750266808965,
      "grad_norm": 1.0819345712661743,
      "learning_rate": 1.145499822127357e-06,
      "loss": 0.0323,
      "step": 5300
    },
    {
      "epoch": 2.833511205976521,
      "grad_norm": 0.11728422343730927,
      "learning_rate": 1.1099252934898613e-06,
      "loss": 0.0208,
      "step": 5310
    },
    {
      "epoch": 2.838847385272145,
      "grad_norm": 0.07959132641553879,
      "learning_rate": 1.0743507648523658e-06,
      "loss": 0.0223,
      "step": 5320
    },
    {
      "epoch": 2.8441835645677696,
      "grad_norm": 4.94429349899292,
      "learning_rate": 1.0387762362148703e-06,
      "loss": 0.0212,
      "step": 5330
    },
    {
      "epoch": 2.849519743863394,
      "grad_norm": 0.5025149583816528,
      "learning_rate": 1.0032017075773746e-06,
      "loss": 0.0198,
      "step": 5340
    },
    {
      "epoch": 2.8548559231590183,
      "grad_norm": 0.008787627331912518,
      "learning_rate": 9.676271789398792e-07,
      "loss": 0.0039,
      "step": 5350
    },
    {
      "epoch": 2.8601921024546426,
      "grad_norm": 0.01192513108253479,
      "learning_rate": 9.320526503023836e-07,
      "loss": 0.0296,
      "step": 5360
    },
    {
      "epoch": 2.865528281750267,
      "grad_norm": 2.0356507301330566,
      "learning_rate": 8.96478121664888e-07,
      "loss": 0.0166,
      "step": 5370
    },
    {
      "epoch": 2.8708644610458913,
      "grad_norm": 0.14863289892673492,
      "learning_rate": 8.609035930273925e-07,
      "loss": 0.0186,
      "step": 5380
    },
    {
      "epoch": 2.8762006403415157,
      "grad_norm": 1.1006523370742798,
      "learning_rate": 8.253290643898969e-07,
      "loss": 0.003,
      "step": 5390
    },
    {
      "epoch": 2.88153681963714,
      "grad_norm": 0.7381279468536377,
      "learning_rate": 7.897545357524014e-07,
      "loss": 0.0413,
      "step": 5400
    },
    {
      "epoch": 2.8868729989327644,
      "grad_norm": 0.31586429476737976,
      "learning_rate": 7.541800071149058e-07,
      "loss": 0.0137,
      "step": 5410
    },
    {
      "epoch": 2.8922091782283887,
      "grad_norm": 0.21824032068252563,
      "learning_rate": 7.186054784774102e-07,
      "loss": 0.0231,
      "step": 5420
    },
    {
      "epoch": 2.8975453575240127,
      "grad_norm": 0.019764194265007973,
      "learning_rate": 6.830309498399147e-07,
      "loss": 0.0167,
      "step": 5430
    },
    {
      "epoch": 2.902881536819637,
      "grad_norm": 0.010552297346293926,
      "learning_rate": 6.474564212024191e-07,
      "loss": 0.0051,
      "step": 5440
    },
    {
      "epoch": 2.9082177161152614,
      "grad_norm": 0.029708603397011757,
      "learning_rate": 6.118818925649235e-07,
      "loss": 0.027,
      "step": 5450
    },
    {
      "epoch": 2.9135538954108857,
      "grad_norm": 4.808848857879639,
      "learning_rate": 5.76307363927428e-07,
      "loss": 0.0126,
      "step": 5460
    },
    {
      "epoch": 2.91889007470651,
      "grad_norm": 0.030985962599515915,
      "learning_rate": 5.407328352899325e-07,
      "loss": 0.0084,
      "step": 5470
    },
    {
      "epoch": 2.9242262540021344,
      "grad_norm": 0.012242192402482033,
      "learning_rate": 5.051583066524369e-07,
      "loss": 0.0256,
      "step": 5480
    },
    {
      "epoch": 2.929562433297759,
      "grad_norm": 3.9312708377838135,
      "learning_rate": 4.6958377801494134e-07,
      "loss": 0.0124,
      "step": 5490
    },
    {
      "epoch": 2.934898612593383,
      "grad_norm": 0.09373188018798828,
      "learning_rate": 4.340092493774458e-07,
      "loss": 0.0313,
      "step": 5500
    },
    {
      "epoch": 2.9402347918890075,
      "grad_norm": 0.00730802770704031,
      "learning_rate": 3.984347207399502e-07,
      "loss": 0.0023,
      "step": 5510
    },
    {
      "epoch": 2.945570971184632,
      "grad_norm": 0.11922049522399902,
      "learning_rate": 3.6286019210245463e-07,
      "loss": 0.0122,
      "step": 5520
    },
    {
      "epoch": 2.950907150480256,
      "grad_norm": 27.25127410888672,
      "learning_rate": 3.272856634649591e-07,
      "loss": 0.0111,
      "step": 5530
    },
    {
      "epoch": 2.9562433297758806,
      "grad_norm": 0.04377281293272972,
      "learning_rate": 2.9171113482746357e-07,
      "loss": 0.0288,
      "step": 5540
    },
    {
      "epoch": 2.961579509071505,
      "grad_norm": 0.010740484111011028,
      "learning_rate": 2.56136606189968e-07,
      "loss": 0.007,
      "step": 5550
    },
    {
      "epoch": 2.9669156883671293,
      "grad_norm": 1.269278883934021,
      "learning_rate": 2.2056207755247245e-07,
      "loss": 0.0278,
      "step": 5560
    },
    {
      "epoch": 2.9722518676627536,
      "grad_norm": 0.05101466923952103,
      "learning_rate": 1.849875489149769e-07,
      "loss": 0.0008,
      "step": 5570
    },
    {
      "epoch": 2.9775880469583775,
      "grad_norm": 0.09383585304021835,
      "learning_rate": 1.4941302027748133e-07,
      "loss": 0.003,
      "step": 5580
    },
    {
      "epoch": 2.982924226254002,
      "grad_norm": 0.7918220162391663,
      "learning_rate": 1.1383849163998577e-07,
      "loss": 0.0176,
      "step": 5590
    },
    {
      "epoch": 2.9882604055496262,
      "grad_norm": 0.019766928628087044,
      "learning_rate": 7.826396300249021e-08,
      "loss": 0.0424,
      "step": 5600
    },
    {
      "epoch": 2.9935965848452506,
      "grad_norm": 0.6378031373023987,
      "learning_rate": 4.268943436499467e-08,
      "loss": 0.0161,
      "step": 5610
    },
    {
      "epoch": 2.998932764140875,
      "grad_norm": 0.028472239151597023,
      "learning_rate": 7.114905727499111e-09,
      "loss": 0.01,
      "step": 5620
    },
    {
      "epoch": 3.0,
      "eval_accuracy": 0.9857933260330817,
      "eval_loss": 0.0659501776099205,
      "eval_runtime": 25.4644,
      "eval_samples_per_second": 136.112,
      "eval_steps_per_second": 17.043,
      "step": 5622
    }
  ],
  "logging_steps": 10,
  "max_steps": 5622,
  "num_input_tokens_seen": 0,
  "num_train_epochs": 3,
  "save_steps": 500,
  "stateful_callbacks": {
    "TrainerControl": {
      "args": {
        "should_epoch_stop": false,
        "should_evaluate": false,
        "should_log": false,
        "should_save": true,
        "should_training_stop": true
      },
      "attributes": {}
    }
  },
  "total_flos": 2937226745150208.0,
  "train_batch_size": 8,
  "trial_name": null,
  "trial_params": null
}
